symbol,aum,asset_group,category
SPY,650000000000.0,equity_broad,broad_us
IVV,600000000000.0,equity_broad,broad_us
VOO,590000000000.0,equity_broad,broad_us
VTI,500000000000.0,equity_broad,total_market
QQQ,330000000000.0,equity_broad,nasdaq_100
AGG,138847469568.0,unknown,unknown
XLK,70000000000.0,equity_sector,technology
IWM,70000000000.0,equity_broad,small_cap
GLD,60000000000.0,commodity,gold
TLT,50000000000.0,bond_treasury,long_treasury
XLF,45000000000.0,equity_sector,financials
XLV,40000000000.0,equity_sector,healthcare
XLE,35000000000.0,equity_sector,energy
ACWI,33203742720.0,unknown,unknown
IEF,30000000000.0,bond_treasury,intermediate_treasury
AVEM,26237122560.0,unknown,unknown
SMH,25000000000.0,equity_industry,semiconductor
AVDE,17163864064.0,unknown,unknown
BAI,15693548544.0,unknown,unknown
HYG,15000000000.0,bond_credit,high_yield
SOXX,15000000000.0,equity_industry,semiconductor
AVUS,13827512320.0,unknown,unknown
AMLP,12160584704.0,unknown,unknown
ACWX,11616678912.0,unknown,unknown
AIRR,11489859584.0,unknown,unknown
BBCA,10509565952.0,unknown,unknown
AIQ,10413852672.0,unknown,unknown
ARKK,6534055424.0,unknown,unknown
BBAX,6249870336.0,unknown,unknown
AIA,5221864448.0,unknown,unknown
AKRE,5185632256.0,unknown,unknown
AAXJ,3970623744.0,unknown,unknown
ARTY,3930527488.0,unknown,unknown
AOR,3667536128.0,unknown,unknown
ACWV,3240488448.0,unknown,unknown
AOA,3205894144.0,unknown,unknown
ANGL,3117964800.0,unknown,unknown
BALT,2567419904.0,unknown,unknown
APUE,2543153152.0,unknown,unknown
AAAU,2399851264.0,unknown,unknown
ACIO,2362386432.0,unknown,unknown
ARKQ,2214976768.0,unknown,unknown
AVIG,1928182784.0,unknown,unknown
ARKB,1885744768.0,unknown,unknown
AOM,1792574336.0,unknown,unknown
ARKG,1729676032.0,unknown,unknown
BAFE,1689542912.0,unknown,unknown
ARKW,1674919552.0,unknown,unknown
ASHR,1644587008.0,unknown,unknown
ALLW,1557451136.0,unknown,unknown
AVES,1471060736.0,unknown,unknown
APIE,1066065152.0,unknown,unknown
BAB,1043711488.0,unknown,unknown
AVGE,1039890752.0,unknown,unknown
BBAG,1031444352.0,unknown,unknown
AIS,969790784.0,unknown,unknown
AIPO,957962112.0,unknown,unknown
AGGY,951970112.0,unknown,unknown
APCB,939564160.0,unknown,unknown
ARKX,933603136.0,unknown,unknown
AUSF,846885376.0,unknown,unknown
AVRE,844656256.0,unknown,unknown
ARGT,842971264.0,unknown,unknown
AOK,812926144.0,unknown,unknown
AGIX,807395392.0,unknown,unknown
AMJB,805159552.0,unknown,unknown
AVTM,778806784.0,unknown,unknown
ARKF,724075136.0,unknown,unknown
AVNM,666446784.0,unknown,unknown
AVSF,663844032.0,unknown,unknown
AQEC,574481152.0,unknown,unknown
AGZ,555886400.0,unknown,unknown
ABFL,545103360.0,unknown,unknown
AGGH,526589568.0,unknown,unknown
AAUS,518264896.0,unknown,unknown
ACLO,510700256.0,unknown,unknown
AESR,505839360.0,unknown,unknown
AAEQ,497032864.0,unknown,unknown
BASG,493740256.0,unknown,unknown
AVSU,475819136.0,unknown,unknown
AVSD,475011488.0,unknown,unknown
AFIF,454740384.0,unknown,unknown
ALAI,451164832.0,unknown,unknown
AVXC,425943040.0,unknown,unknown
APLU,425065728.0,unknown,unknown
AIVL,416285568.0,unknown,unknown
BASV,408441600.0,unknown,unknown
AGOX,391365376.0,unknown,unknown
AVGV,390831424.0,unknown,unknown
AAUA,369815520.0,unknown,unknown
AGEM,361443744.0,unknown,unknown
AFOS,301053024.0,unknown,unknown
AAAA,292754432.0,unknown,unknown
ADME,290082784.0,unknown,unknown
AQLT,273890144.0,unknown,unknown
AVUQ,268573984.0,unknown,unknown
APMU,235150768.0,unknown,unknown
AVSE,228766416.0,unknown,unknown
ASLV,228150848.0,unknown,unknown
AFIX,217957472.0,unknown,unknown
AINP,217180352.0,unknown,unknown
ATFV,198297680.0,unknown,unknown
ADPV,190039808.0,unknown,unknown
BBBS,181136640.0,unknown,unknown
AVMU,169317184.0,unknown,unknown
BBBI,164650928.0,unknown,unknown
ACVF,153987472.0,unknown,unknown
AIFD,141635056.0,unknown,unknown
ABEQ,140559920.0,unknown,unknown
BAMG,139131216.0,unknown,unknown
AHLT,130554864.0,unknown,unknown
ACES,129431520.0,unknown,unknown
AIVC,126537248.0,unknown,unknown
BATT,125465216.0,unknown,unknown
AIEQ,122672952.0,unknown,unknown
AOHY,122256784.0,unknown,unknown
ASCE,117712848.0,unknown,unknown
AGZD,116217464.0,unknown,unknown
AGRW,115403648.0,unknown,unknown
ACSI,112898576.0,unknown,unknown
BAIV,107634504.0,unknown,unknown
AVOS,107474848.0,unknown,unknown
AOTG,105217664.0,unknown,unknown
ARB,104538432.0,unknown,unknown
AFK,99709000.0,unknown,unknown
BAMV,99513832.0,unknown,unknown
ACEP,97924440.0,unknown,unknown
ATTR,95786488.0,unknown,unknown
BAMD,94786056.0,unknown,unknown
ASEA,91529288.0,unknown,unknown
AGGA,88950992.0,unknown,unknown
AGNG,84506552.0,unknown,unknown
AVMA,74488880.0,unknown,unknown
AAPR,72408472.0,unknown,unknown
APOC,69793704.0,unknown,unknown
ARP,66215120.0,unknown,unknown
AMAX,64752308.0,unknown,unknown
AHYB,60118364.0,unknown,unknown
AVNV,59914472.0,unknown,unknown
BAMB,59024296.0,unknown,unknown
AIVI,58682620.0,unknown,unknown
AVRY,58111900.0,unknown,unknown
AJUL,57081952.0,unknown,unknown
ABI,56523888.0,unknown,unknown
ASIA,55972552.0,unknown,unknown
AGQI,55727992.0,unknown,unknown
ADIV,53560088.0,unknown,unknown
BBC,52678624.0,unknown,unknown
ADFI,51219832.0,unknown,unknown
BAMA,50878088.0,unknown,unknown
AOCT,49259864.0,unknown,unknown
BAMO,47253968.0,unknown,unknown
ALTY,45543800.0,unknown,unknown
AAA,44906492.0,unknown,unknown
BAMY,44784788.0,unknown,unknown
AJAN,44707672.0,unknown,unknown
AADR,41715124.0,unknown,unknown
AUGZ,41014248.0,unknown,unknown
AGGS,38768324.0,unknown,unknown
AZTD,37291072.0,unknown,unknown
APRZ,32695540.0,unknown,unknown
ACVT,32391296.0,unknown,unknown
ASMF,30838410.0,unknown,unknown
AAAP,25727358.0,unknown,unknown
AAVM,25277144.0,unknown,unknown
AUMI,24714584.0,unknown,unknown
AWAY,24527872.0,unknown,unknown
AQWA,23876834.0,unknown,unknown
AVGB,20456516.0,unknown,unknown
ASEC,20056212.0,unknown,unknown
AMZP,19866076.0,unknown,unknown
ARWG,13927999.0,unknown,unknown
AVIE,10408607.0,unknown,unknown
AGMI,10405849.0,unknown,unknown
AMYY,9184484.0,unknown,unknown
ADVE,9129768.0,unknown,unknown
ASGM,8608038.0,unknown,unknown
AGRH,7886807.0,unknown,unknown
ANEW,7731381.0,unknown,unknown
ARMH,7541791.0,unknown,unknown
ALRG,7469614.0,unknown,unknown
BBB,7224550.0,unknown,unknown
BBBL,7201175.0,unknown,unknown
ASMH,6782466.0,unknown,unknown
AEMS,6298948.0,unknown,unknown
AAPY,6160460.0,unknown,unknown
ARMY,5614615.0,unknown,unknown
AETH,4390423.0,unknown,unknown
AZYY,3202825.0,unknown,unknown
AKAF,2835201.0,unknown,unknown
ARVR,2818409.0,unknown,unknown
BAY,2048694.0,unknown,unknown
AMGR,1787578.0,unknown,unknown
AV,1448481.0,unknown,unknown
ASD,1351024.0,unknown,unknown
AIX,1010135.0,unknown,unknown
AAAC,,unknown,unknown
AAAD,,unknown,unknown
ABLD,,unknown,unknown
ABLG,,unknown,unknown
ABOT,,unknown,unknown
ABXB,,unknown,unknown
ACKY,,unknown,unknown
ACOM,,unknown,unknown
ACTS,,unknown,unknown
ADDS,,unknown,unknown
AFGR,,unknown,unknown
AGIQ,,unknown,unknown
AIQD,,unknown,unknown
AIQU,,unknown,unknown
AMEI,,unknown,unknown
AMEM,,unknown,unknown
AMHI,,unknown,unknown
AOTS,,unknown,unknown
AUAU,,unknown,unknown
BAVA,,unknown,unknown
BBCB,,unknown,unknown
BBEM,,unknown,unknown
BBEU,,unknown,unknown
BBH,,unknown,unknown
BBHY,,unknown,unknown
BBIB,,unknown,unknown
BBIN,,unknown,unknown
BBJP,,unknown,unknown
BBLB,,unknown,unknown
BBLU,,unknown,unknown
BBP,,unknown,unknown
BBRE,,unknown,unknown
BBSB,,unknown,unknown
BBUS,,unknown,unknown
BBYY,,unknown,unknown
BCD,,unknown,unknown
BCDF,,unknown,unknown
BCEM,,unknown,unknown
BCFN,,unknown,unknown
BCGD,,unknown,unknown
BCGS,,unknown,unknown
BCHI,,unknown,unknown
BCHP,,unknown,unknown
BCI,,unknown,unknown
BCKT,,unknown,unknown
BCLO,,unknown,unknown
BCOR,,unknown,unknown
BCPL,,unknown,unknown
BCTK,,unknown,unknown
BD,,unknown,unknown
BDBT,,unknown,unknown
BDIV,,unknown,unknown
BDRY,,unknown,unknown
BDVG,,unknown,unknown
BDYN,,unknown,unknown
BEDY,,unknown,unknown
BEDZ,,unknown,unknown
BEEX,,unknown,unknown
BEEZ,,unknown,unknown
BELT,,unknown,unknown
BEMB,,unknown,unknown
BENJ,,unknown,unknown
BESF,,unknown,unknown
BESO,,unknown,unknown
BETE,,unknown,unknown
BETZ,,unknown,unknown
BFIX,,unknown,unknown
BFLX,,unknown,unknown
BFOR,,unknown,unknown
BGCG,,unknown,unknown
BGDV,,unknown,unknown
BGEG,,unknown,unknown
BGGG,,unknown,unknown
BGIA,,unknown,unknown
BGIG,,unknown,unknown
BGRN,,unknown,unknown
BHDG,,unknown,unknown
BHYB,,unknown,unknown
BHYP,,unknown,unknown
BIBL,,unknown,unknown
BIDD,,unknown,unknown
BIL,,unknown,unknown
BILD,,unknown,unknown
BILS,,unknown,unknown
BILT,,unknown,unknown
BINC,,unknown,unknown
BINT,,unknown,unknown
BINV,,unknown,unknown
BIOY,,unknown,unknown
BITB,,unknown,unknown
BITC,,unknown,unknown
BITI,,unknown,unknown
BITO,,unknown,unknown
BITQ,,unknown,unknown
BITS,,unknown,unknown
BITW,,unknown,unknown
BITY,,unknown,unknown
BIV,,unknown,unknown
BIZD,,unknown,unknown
BKAG,,unknown,unknown
BKCG,,unknown,unknown
BKCH,,unknown,unknown
BKCI,,unknown,unknown
BKDV,,unknown,unknown
BKEM,,unknown,unknown
BKF,,unknown,unknown
BKFI,,unknown,unknown
BKGI,,unknown,unknown
BKHY,,unknown,unknown
BKIE,,unknown,unknown
BKLN,,unknown,unknown
BKMI,,unknown,unknown
BKMS,,unknown,unknown
BLCK,,unknown,unknown
BLCN,,unknown,unknown
BLDG,,unknown,unknown
BLDX,,unknown,unknown
BLES,,unknown,unknown
BLOK,,unknown,unknown
BLOX,,unknown,unknown
BLST,,unknown,unknown
BLTD,,unknown,unknown
BLUI,,unknown,unknown
BLUX,,unknown,unknown
BLV,,unknown,unknown
BMED,,unknown,unknown
BMOP,,unknown,unknown
BMVP,,unknown,unknown
BND,,unknown,unknown
BNDC,,unknown,unknown
BNDD,,unknown,unknown
BNDI,,unknown,unknown
BNDP,,unknown,unknown
BNDW,,unknown,unknown
BNDX,,unknown,unknown
BNDY,,unknown,unknown
BNGE,,unknown,unknown
BNO,,unknown,unknown
BOAT,,unknown,unknown
BOBP,,unknown,unknown
BOND,,unknown,unknown
BOTT,,unknown,unknown
BOTZ,,unknown,unknown
BOXA,,unknown,unknown
BOXX,,unknown,unknown
BPAY,,unknown,unknown
BPH,,unknown,unknown
BPRO,,unknown,unknown
BRAZ,,unknown,unknown
BRCE,,unknown,unknown
BREE,,unknown,unknown
BREM,,unknown,unknown
BRES,,unknown,unknown
BREW,,unknown,unknown
BRHY,,unknown,unknown
BRIB,,unknown,unknown
BRIE,,unknown,unknown
BRIF,,unknown,unknown
BRLN,,unknown,unknown
BRNY,,unknown,unknown
BRRR,,unknown,unknown
BRTR,,unknown,unknown
BSCA,,unknown,unknown
BSCQ,,unknown,unknown
BSCR,,unknown,unknown
BSCS,,unknown,unknown
BSCT,,unknown,unknown
BSCU,,unknown,unknown
BSCV,,unknown,unknown
BSCW,,unknown,unknown
BSCX,,unknown,unknown
BSCY,,unknown,unknown
BSCZ,,unknown,unknown
BSGR,,unknown,unknown
BSGT,,unknown,unknown
BSJQ,,unknown,unknown
BSJR,,unknown,unknown
BSJS,,unknown,unknown
BSJT,,unknown,unknown
BSJU,,unknown,unknown
BSJV,,unknown,unknown
BSJW,,unknown,unknown
BSJX,,unknown,unknown
BSJY,,unknown,unknown
BSMQ,,unknown,unknown
BSMR,,unknown,unknown
BSMS,,unknown,unknown
BSMT,,unknown,unknown
BSMU,,unknown,unknown
BSMV,,unknown,unknown
BSMW,,unknown,unknown
BSMY,,unknown,unknown
BSMZ,,unknown,unknown
BSOL,,unknown,unknown
BSR,,unknown,unknown
BSSX,,unknown,unknown
BSTS,,unknown,unknown
BSTU,,unknown,unknown
BSTV,,unknown,unknown
BSV,,unknown,unknown
BTAL,,unknown,unknown
BTC,,unknown,unknown
BTCI,,unknown,unknown
BTCK,,unknown,unknown
BTCO,,unknown,unknown
BTCW,,unknown,unknown
BTF,,unknown,unknown
BTGD,,unknown,unknown
BTOT,,unknown,unknown
BTR,,unknown,unknown
BTRN,,unknown,unknown
BUCK,,unknown,unknown
BUG,,unknown,unknown
BUL,,unknown,unknown
BULD,,unknown,unknown
BUSA,,unknown,unknown
BUXX,,unknown,unknown
BUYB,,unknown,unknown
BUYO,,unknown,unknown
BUYZ,,unknown,unknown
BUZZ,,unknown,unknown
BWET,,unknown,unknown
BWOW,,unknown,unknown
BWTG,,unknown,unknown
BWX,,unknown,unknown
BWZ,,unknown,unknown
BYLD,,unknown,unknown
BYRE,,unknown,unknown
BZZ,,unknown,unknown
CAAA,,unknown,unknown
CABZ,,unknown,unknown
CAFX,,unknown,unknown
CALI,,unknown,unknown
CAM,,unknown,unknown
CAMX,,unknown,unknown
CANC,,unknown,unknown
CANE,,unknown,unknown
CANQ,,unknown,unknown
CAOS,,unknown,unknown
CARK,,unknown,unknown
CARY,,unknown,unknown
CARZ,,unknown,unknown
CAS,,unknown,unknown
CATF,,unknown,unknown
CATH,,unknown,unknown
CBIL,,unknown,unknown
CBLS,,unknown,unknown
CBOA,,unknown,unknown
CBOJ,,unknown,unknown
CBOL,,unknown,unknown
CBON,,unknown,unknown
CBOO,,unknown,unknown
CBOT,,unknown,unknown
CBOX,,unknown,unknown
CBOY,,unknown,unknown
CBSE,,unknown,unknown
CBTA,,unknown,unknown
CBTJ,,unknown,unknown
CBTL,,unknown,unknown
CBTO,,unknown,unknown
CBTY,,unknown,unknown
CBXA,,unknown,unknown
CBXJ,,unknown,unknown
CBXL,,unknown,unknown
CBXO,,unknown,unknown
CBXY,,unknown,unknown
CCEF,,unknown,unknown
CCNR,,unknown,unknown
CCOM,,unknown,unknown
CCOR,,unknown,unknown
CCRP,,unknown,unknown
CCSB,,unknown,unknown
CCSO,,unknown,unknown
CDIG,,unknown,unknown
CDX,,unknown,unknown
CEF,,unknown,unknown
CEFA,,unknown,unknown
CEFS,,unknown,unknown
CEFZ,,unknown,unknown
CEMB,,unknown,unknown
CERY,,unknown,unknown
CEW,,unknown,unknown
CFIT,,unknown,unknown
CGOV,,unknown,unknown
CGRO,,unknown,unknown
CGV,,unknown,unknown
CGW,,unknown,unknown
CHAT,,unknown,unknown
CHGX,,unknown,unknown
CHIQ,,unknown,unknown
CHNL,,unknown,unknown
CHPS,,unknown,unknown
CHPX,,unknown,unknown
CHRI,,unknown,unknown
CHYG,,unknown,unknown
CIBR,,unknown,unknown
CIEI,,unknown,unknown
CIVG,,unknown,unknown
CLIM,,unknown,unknown
CLIP,,unknown,unknown
CLIX,,unknown,unknown
CLNK,,unknown,unknown
CLOA,,unknown,unknown
CLOB,,unknown,unknown
CLOC,,unknown,unknown
CLOD,,unknown,unknown
CLOI,,unknown,unknown
CLOO,,unknown,unknown
CLOU,,unknown,unknown
CLOX,,unknown,unknown
CLOZ,,unknown,unknown
CLSE,,unknown,unknown
CLSM,,unknown,unknown
CLUB,,unknown,unknown
CMAG,,unknown,unknown
CMBO,,unknown,unknown
CMBS,,unknown,unknown
CMCI,,unknown,unknown
CMDT,,unknown,unknown
CMDY,,unknown,unknown
CMF,,unknown,unknown
CNAV,,unknown,unknown
CNBS,,unknown,unknown
CNEQ,,unknown,unknown
CNQQ,,unknown,unknown
CNRG,,unknown,unknown
CNXT,,unknown,unknown
CNYA,,unknown,unknown
COAL,,unknown,unknown
COLO,,unknown,unknown
COM,,unknown,unknown
COMB,,unknown,unknown
COMD,,unknown,unknown
COMT,,unknown,unknown
COPA,,unknown,unknown
COPJ,,unknown,unknown
COPP,,unknown,unknown
COPX,,unknown,unknown
COPY,,unknown,unknown
CORB,,unknown,unknown
CORN,,unknown,unknown
CORO,,unknown,unknown
CORP,,unknown,unknown
COWS,,unknown,unknown
COWZ,,unknown,unknown
COYY,,unknown,unknown
CPAG,,unknown,unknown
CPAI,,unknown,unknown
CPER,,unknown,unknown
CPHY,,unknown,unknown
CPII,,unknown,unknown
CPLB,,unknown,unknown
CPLS,,unknown,unknown
CPNJ,,unknown,unknown
CPNM,,unknown,unknown
CPNQ,,unknown,unknown
CPNS,,unknown,unknown
CPRA,,unknown,unknown
CPRJ,,unknown,unknown
CPRO,,unknown,unknown
CPRY,,unknown,unknown
CPSA,,unknown,unknown
CPSD,,unknown,unknown
CPSF,,unknown,unknown
CPSJ,,unknown,unknown
CPSL,,unknown,unknown
CPSM,,unknown,unknown
CPSN,,unknown,unknown
CPSO,,unknown,unknown
CPSP,,unknown,unknown
CPSR,,unknown,unknown
CPST,,unknown,unknown
CPSU,,unknown,unknown
CPSY,,unknown,unknown
CQQQ,,unknown,unknown
CQTM,,unknown,unknown
CRAK,,unknown,unknown
CRBN,,unknown,unknown
CRDD,,unknown,unknown
CRDT,,unknown,unknown
CRED,,unknown,unknown
CRIB,,unknown,unknown
CRPT,,unknown,unknown
CRTC,,unknown,unknown
CRUX,,unknown,unknown
CRXP,,unknown,unknown
CRY,,unknown,unknown
CSD,,unknown,unknown
CSEN,,unknown,unknown
CSHI,,unknown,unknown
CSHP,,unknown,unknown
CSIO,,unknown,unknown
CSMD,,unknown,unknown
CSNR,,unknown,unknown
CSPF,,unknown,unknown
CSRE,,unknown,unknown
CSSD,,unknown,unknown
CSTK,,unknown,unknown
CTA,,unknown,unknown
CTAP,,unknown,unknown
CTEC,,unknown,unknown
CTEF,,unknown,unknown
CTEX,,unknown,unknown
CTIF,,unknown,unknown
CTWO,,unknown,unknown
CUST,,unknown,unknown
CUT,,unknown,unknown
CVAR,,unknown,unknown
CVGD,,unknown,unknown
CVIE,,unknown,unknown
CVRT,,unknown,unknown
CVY,,unknown,unknown
CWB,,unknown,unknown
CWI,,unknown,unknown
CWS,,unknown,unknown
CWY,,unknown,unknown
CXSE,,unknown,unknown
CZAR,,unknown,unknown
DABS,,unknown,unknown
DADS,,unknown,unknown
DAK,,unknown,unknown
DALI,,unknown,unknown
DAPP,,unknown,unknown
DARP,,unknown,unknown
DAT,,unknown,unknown
DAX,,unknown,unknown
DBA,,unknown,unknown
DBAW,,unknown,unknown
DBB,,unknown,unknown
DBC,,unknown,unknown
DBE,,unknown,unknown
DBEF,,unknown,unknown
DBEM,,unknown,unknown
DBEU,,unknown,unknown
DBEZ,,unknown,unknown
DBJP,,unknown,unknown
DBMF,,unknown,unknown
DBND,,unknown,unknown
DBO,,unknown,unknown
DBP,,unknown,unknown
DCMT,,unknown,unknown
DCOR,,unknown,unknown
DCRE,,unknown,unknown
DDIV,,unknown,unknown
DDV,,unknown,unknown
DDWM,,unknown,unknown
DDX,,unknown,unknown
DDXX,,unknown,unknown
DECO,,unknown,unknown
DECZ,,unknown,unknown
DEED,,unknown,unknown
DEEF,,unknown,unknown
DEEP,,unknown,unknown
DEFI,,unknown,unknown
DEFR,,unknown,unknown
DEHP,,unknown,unknown
DEM,,unknown,unknown
DESK,,unknown,unknown
DEUS,,unknown,unknown
DEW,,unknown,unknown
DEXC,,unknown,unknown
DFAC,,unknown,unknown
DFAE,,unknown,unknown
DFAI,,unknown,unknown
DFAR,,unknown,unknown
DFAT,,unknown,unknown
DFAU,,unknown,unknown
DFAW,,unknown,unknown
DFAX,,unknown,unknown
DFCA,,unknown,unknown
DFCF,,unknown,unknown
DFEM,,unknown,unknown
DFEV,,unknown,unknown
DFGP,,unknown,unknown
DFGR,,unknown,unknown
DFGX,,unknown,unknown
DFIC,,unknown,unknown
DFII,,unknown,unknown
DFIP,,unknown,unknown
DFIV,,unknown,unknown
DFNL,,unknown,unknown
DFNM,,unknown,unknown
DFSB,,unknown,unknown
DFSD,,unknown,unknown
DFSE,,unknown,unknown
DFSI,,unknown,unknown
DFSU,,unknown,unknown
DFTT,,unknown,unknown
DFUS,,unknown,unknown
DFUV,,unknown,unknown
DFVE,,unknown,unknown
DGCB,,unknown,unknown
DGIN,,unknown,unknown
DGLO,,unknown,unknown
DGRE,,unknown,unknown
DGRO,,unknown,unknown
DGRW,,unknown,unknown
DGT,,unknown,unknown
DHS,,unknown,unknown
DIA,,unknown,unknown
DIAL,,unknown,unknown
DIEM,,unknown,unknown
DIHP,,unknown,unknown
DIME,,unknown,unknown
DINT,,unknown,unknown
DIPR,,unknown,unknown
DISK,,unknown,unknown
DIV,,unknown,unknown
DIVB,,unknown,unknown
DIVD,,unknown,unknown
DIVE,,unknown,unknown
DIVG,,unknown,unknown
DIVI,,unknown,unknown
DIVL,,unknown,unknown
DIVN,,unknown,unknown
DIVO,,unknown,unknown
DIVP,,unknown,unknown
DIVS,,unknown,unknown
DIVY,,unknown,unknown
DIVZ,,unknown,unknown
DJD,,unknown,unknown
DMBS,,unknown,unknown
DMX,,unknown,unknown
DMXF,,unknown,unknown
DNL,,unknown,unknown
DOCK,,unknown,unknown
DOGG,,unknown,unknown
DOJE,,unknown,unknown
DOL,,unknown,unknown
DPRE,,unknown,unknown
DRAI,,unknown,unknown
DRAM,,unknown,unknown
DRES,,unknown,unknown
DRGN,,unknown,unknown
DRIV,,unknown,unknown
DRKY,,unknown,unknown
DRLL,,unknown,unknown
DRNZ,,unknown,unknown
DRSK,,unknown,unknown
DRUP,,unknown,unknown
DSCO,,unknown,unknown
DSI,,unknown,unknown
DSMC,,unknown,unknown
DSPY,,unknown,unknown
DSTL,,unknown,unknown
DSTX,,unknown,unknown
DTAN,,unknown,unknown
DTCR,,unknown,unknown
DTD,,unknown,unknown
DTEC,,unknown,unknown
DTH,,unknown,unknown
DTRE,,unknown,unknown
DUHP,,unknown,unknown
DUKH,,unknown,unknown
DUKQ,,unknown,unknown
DUKX,,unknown,unknown
DUKZ,,unknown,unknown
DUNK,,unknown,unknown
DURA,,unknown,unknown
DUSA,,unknown,unknown
DUTY,,unknown,unknown
DVDN,,unknown,unknown
DVGR,,unknown,unknown
DVLU,,unknown,unknown
DVND,,unknown,unknown
DVVY,,unknown,unknown
DVY,,unknown,unknown
DVYA,,unknown,unknown
DVYE,,unknown,unknown
DWLD,,unknown,unknown
DWM,,unknown,unknown
DWMF,,unknown,unknown
DWSH,,unknown,unknown
DWUS,,unknown,unknown
DWWN,,unknown,unknown
DWX,,unknown,unknown
DXIV,,unknown,unknown
DXJ,,unknown,unknown
DXUV,,unknown,unknown
DYFI,,unknown,unknown
DYLD,,unknown,unknown
DYNB,,unknown,unknown
DYNF,,unknown,unknown
DYTA,,unknown,unknown
EAFG,,unknown,unknown
EAGG,,unknown,unknown
EAOA,,unknown,unknown
EAOK,,unknown,unknown
EAOM,,unknown,unknown
EAOR,,unknown,unknown
EART,,unknown,unknown
EASG,,unknown,unknown
EASY,,unknown,unknown
EBI,,unknown,unknown
EBIZ,,unknown,unknown
EBND,,unknown,unknown
ECH,,unknown,unknown
ECML,,unknown,unknown
ECON,,unknown,unknown
ECOW,,unknown,unknown
EDEN,,unknown,unknown
EDGE,,unknown,unknown
EDGF,,unknown,unknown
EDGH,,unknown,unknown
EDGI,,unknown,unknown
EDGQ,,unknown,unknown
EDGU,,unknown,unknown
EDGX,,unknown,unknown
EDIV,,unknown,unknown
EDOG,,unknown,unknown
EDOW,,unknown,unknown
EDV,,unknown,unknown
EEE,,unknown,unknown
EEM,,unknown,unknown
EEMA,,unknown,unknown
EEMO,,unknown,unknown
EEMV,,unknown,unknown
EEMX,,unknown,unknown
EETH,,unknown,unknown
EFA,,unknown,unknown
EFAA,,unknown,unknown
EFAD,,unknown,unknown
EFAS,,unknown,unknown
EFAV,,unknown,unknown
EFAX,,unknown,unknown
EFFE,,unknown,unknown
EFFI,,unknown,unknown
EFG,,unknown,unknown
EFIV,,unknown,unknown
EFNL,,unknown,unknown
EFRA,,unknown,unknown
EFV,,unknown,unknown
EFZ,,unknown,unknown
EGGQ,,unknown,unknown
EGGS,,unknown,unknown
EGGY,,unknown,unknown
EGLE,,unknown,unknown
EGUS,,unknown,unknown
EHLS,,unknown,unknown
EIDO,,unknown,unknown
EINC,,unknown,unknown
EIPI,,unknown,unknown
EIPX,,unknown,unknown
EIRL,,unknown,unknown
EIS,,unknown,unknown
EKG,,unknown,unknown
ELCV,,unknown,unknown
ELD,,unknown,unknown
ELFY,,unknown,unknown
ELM,,unknown,unknown
EMB,,unknown,unknown
EMBD,,unknown,unknown
EMBX,,unknown,unknown
EMC,,unknown,unknown
EMCB,,unknown,unknown
EMCR,,unknown,unknown
EMCS,,unknown,unknown
EMDM,,unknown,unknown
EMDV,,unknown,unknown
EMEQ,,unknown,unknown
EMES,,unknown,unknown
EMET,,unknown,unknown
EMFI,,unknown,unknown
EMGF,,unknown,unknown
EMHC,,unknown,unknown
EMHY,,unknown,unknown
EMIF,,unknown,unknown
EMKT,,unknown,unknown
EMLC,,unknown,unknown
EMLP,,unknown,unknown
EMM,,unknown,unknown
EMMF,,unknown,unknown
EMNT,,unknown,unknown
EMOP,,unknown,unknown
EMOT,,unknown,unknown
EMPB,,unknown,unknown
EMQQ,,unknown,unknown
EMSF,,unknown,unknown
EMTL,,unknown,unknown
EMTY,,unknown,unknown
EMXC,,unknown,unknown
EMXF,,unknown,unknown
ENDW,,unknown,unknown
ENFR,,unknown,unknown
ENHI,,unknown,unknown
ENOR,,unknown,unknown
ENZL,,unknown,unknown
EPAI,,unknown,unknown
EPEM,,unknown,unknown
EPHE,,unknown,unknown
EPI,,unknown,unknown
EPIN,,unknown,unknown
EPOL,,unknown,unknown
EPP,,unknown,unknown
EPRF,,unknown,unknown
EPU,,unknown,unknown
EQAL,,unknown,unknown
EQIN,,unknown,unknown
EQL,,unknown,unknown
EQLT,,unknown,unknown
EQRR,,unknown,unknown
EQTY,,unknown,unknown
EQWL,,unknown,unknown
ERET,,unknown,unknown
ERTH,,unknown,unknown
ESBG,,unknown,unknown
ESG,,unknown,unknown
ESGD,,unknown,unknown
ESGE,,unknown,unknown
ESGG,,unknown,unknown
ESGU,,unknown,unknown
ESGV,,unknown,unknown
ESIM,,unknown,unknown
ESMV,,unknown,unknown
ESN,,unknown,unknown
ESPO,,unknown,unknown
ESUM,,unknown,unknown
ETEC,,unknown,unknown
ETFT,,unknown,unknown
ETH,,unknown,unknown
ETHA,,unknown,unknown
ETHB,,unknown,unknown
ETHE,,unknown,unknown
ETHO,,unknown,unknown
ETHV,,unknown,unknown
ETHW,,unknown,unknown
ETTY,,unknown,unknown
EUAD,,unknown,unknown
EUDG,,unknown,unknown
EUDV,,unknown,unknown
EUFN,,unknown,unknown
EUHY,,unknown,unknown
EUIG,,unknown,unknown
EUM,,unknown,unknown
EUSA,,unknown,unknown
EUSB,,unknown,unknown
EUV,,unknown,unknown
EVHY,,unknown,unknown
EVIM,,unknown,unknown
EVLN,,unknown,unknown
EVLU,,unknown,unknown
EVMO,,unknown,unknown
EVMT,,unknown,unknown
EVNT,,unknown,unknown
EVPF,,unknown,unknown
EVSD,,unknown,unknown
EVSM,,unknown,unknown
EVTR,,unknown,unknown
EVUS,,unknown,unknown
EVX,,unknown,unknown
EVYM,,unknown,unknown
EWA,,unknown,unknown
EWC,,unknown,unknown
EWD,,unknown,unknown
EWG,,unknown,unknown
EWH,,unknown,unknown
EWI,,unknown,unknown
EWJ,,unknown,unknown
EWJV,,unknown,unknown
EWK,,unknown,unknown
EWL,,unknown,unknown
EWM,,unknown,unknown
EWN,,unknown,unknown
EWO,,unknown,unknown
EWP,,unknown,unknown
EWQ,,unknown,unknown
EWS,,unknown,unknown
EWT,,unknown,unknown
EWU,,unknown,unknown
EWW,,unknown,unknown
EWY,,unknown,unknown
EWZ,,unknown,unknown
EXI,,unknown,unknown
EXUS,,unknown,unknown
EYEG,,unknown,unknown
EYES,,unknown,unknown
EYLD,,unknown,unknown
EZA,,unknown,unknown
EZBC,,unknown,unknown
EZET,,unknown,unknown
EZMO,,unknown,unknown
EZPZ,,unknown,unknown
EZRO,,unknown,unknown
EZU,,unknown,unknown
FAAA,,unknown,unknown
FAAR,,unknown,unknown
FAI,,unknown,unknown
FALN,,unknown,unknown
FAN,,unknown,unknown
FARX,,unknown,unknown
FBCG,,unknown,unknown
FBCV,,unknown,unknown
FBDC,,unknown,unknown
FBND,,unknown,unknown
FBOT,,unknown,unknown
FBT,,unknown,unknown
FBTC,,unknown,unknown
FBYY,,unknown,unknown
FCA,,unknown,unknown
FCAL,,unknown,unknown
FCBD,,unknown,unknown
FCEF,,unknown,unknown
FCFY,,unknown,unknown
FCG,,unknown,unknown
FCLD,,unknown,unknown
FCLO,,unknown,unknown
FCOM,,unknown,unknown
FCOR,,unknown,unknown
FCPI,,unknown,unknown
FCSH,,unknown,unknown
FCTE,,unknown,unknown
FCTR,,unknown,unknown
FCUS,,unknown,unknown
FCVT,,unknown,unknown
FDAT,,unknown,unknown
FDCF,,unknown,unknown
FDD,,unknown,unknown
FDEM,,unknown,unknown
FDEV,,unknown,unknown
FDFF,,unknown,unknown
FDG,,unknown,unknown
FDHY,,unknown,unknown
FDIF,,unknown,unknown
FDIG,,unknown,unknown
FDIQ,,unknown,unknown
FDIS,,unknown,unknown
FDIV,,unknown,unknown
FDL,,unknown,unknown
FDLS,,unknown,unknown
FDMO,,unknown,unknown
FDN,,unknown,unknown
FDND,,unknown,unknown
FDNI,,unknown,unknown
FDRR,,unknown,unknown
FDRS,,unknown,unknown
FDRV,,unknown,unknown
FDT,,unknown,unknown
FDTX,,unknown,unknown
FDV,,unknown,unknown
FDVV,,unknown,unknown
FEBZ,,unknown,unknown
FECM,,unknown,unknown
FEDM,,unknown,unknown
FEGE,,unknown,unknown
FEIG,,unknown,unknown
FEM,,unknown,unknown
FEMB,,unknown,unknown
FEMR,,unknown,unknown
FENI,,unknown,unknown
FENY,,unknown,unknown
FEOE,,unknown,unknown
FEP,,unknown,unknown
FETH,,unknown,unknown
FEUZ,,unknown,unknown
FEZ,,unknown,unknown
FFDI,,unknown,unknown
FFEM,,unknown,unknown
FFF,,unknown,unknown
FFGX,,unknown,unknown
FFIU,,unknown,unknown
FFLS,,unknown,unknown
FFND,,unknown,unknown
FFOG,,unknown,unknown
FFOX,,unknown,unknown
FFUT,,unknown,unknown
FGD,,unknown,unknown
FGDL,,unknown,unknown
FGM,,unknown,unknown
FGSI,,unknown,unknown
FHEQ,,unknown,unknown
FHIL,,unknown,unknown
FHLC,,unknown,unknown
FHYS,,unknown,unknown
FIAX,,unknown,unknown
FID,,unknown,unknown
FIDI,,unknown,unknown
FIDU,,unknown,unknown
FIGB,,unknown,unknown
FIIG,,unknown,unknown
FIMU,,unknown,unknown
FINT,,unknown,unknown
FINX,,unknown,unknown
FINY,,unknown,unknown
FISR,,unknown,unknown
FITE,,unknown,unknown
FITZ,,unknown,unknown
FIVA,,unknown,unknown
FIW,,unknown,unknown
FIXD,,unknown,unknown
FIXP,,unknown,unknown
FIXT,,unknown,unknown
FIYY,,unknown,unknown
FJP,,unknown,unknown
FKU,,unknown,unknown
FLAG,,unknown,unknown
FLAU,,unknown,unknown
FLAX,,unknown,unknown
FLBL,,unknown,unknown
FLBR,,unknown,unknown
FLCA,,unknown,unknown
FLCB,,unknown,unknown
FLCH,,unknown,unknown
FLCO,,unknown,unknown
FLDB,,unknown,unknown
FLDR,,unknown,unknown
FLDZ,,unknown,unknown
FLEE,,unknown,unknown
FLEU,,unknown,unknown
FLGB,,unknown,unknown
FLGR,,unknown,unknown
FLGV,,unknown,unknown
FLHY,,unknown,unknown
FLIA,,unknown,unknown
FLIN,,unknown,unknown
FLJH,,unknown,unknown
FLJP,,unknown,unknown
FLKR,,unknown,unknown
FLLA,,unknown,unknown
FLMB,,unknown,unknown
FLMI,,unknown,unknown
FLMX,,unknown,unknown
FLN,,unknown,unknown
FLOT,,unknown,unknown
FLOW,,unknown,unknown
FLRG,,unknown,unknown
FLRN,,unknown,unknown
FLRT,,unknown,unknown
FLSA,,unknown,unknown
FLSP,,unknown,unknown
FLSW,,unknown,unknown
FLTB,,unknown,unknown
FLTR,,unknown,unknown
FLTW,,unknown,unknown
FLXI,,unknown,unknown
FLXN,,unknown,unknown
FLXR,,unknown,unknown
FMAG,,unknown,unknown
FMAT,,unknown,unknown
FMB,,unknown,unknown
FMCE,,unknown,unknown
FMCX,,unknown,unknown
FMED,,unknown,unknown
FMET,,unknown,unknown
FMF,,unknown,unknown
FMHI,,unknown,unknown
FMKT,,unknown,unknown
FMNY,,unknown,unknown
FMQQ,,unknown,unknown
FMTL,,unknown,unknown
FMTM,,unknown,unknown
FMUB,,unknown,unknown
FMUN,,unknown,unknown
FNCL,,unknown,unknown
FNDA,,unknown,unknown
FNDB,,unknown,unknown
FNDC,,unknown,unknown
FNDE,,unknown,unknown
FNDF,,unknown,unknown
FNDX,,unknown,unknown
FNGS,,unknown,unknown
FOPC,,unknown,unknown
FORH,,unknown,unknown
FOWF,,unknown,unknown
FOXY,,unknown,unknown
FPA,,unknown,unknown
FPAA,,unknown,unknown
FPAG,,unknown,unknown
FPAS,,unknown,unknown
FPE,,unknown,unknown
FPEI,,unknown,unknown
FPFD,,unknown,unknown
FPRO,,unknown,unknown
FPWR,,unknown,unknown
FPX,,unknown,unknown
FPXE,,unknown,unknown
FPXI,,unknown,unknown
FQAL,,unknown,unknown
FRDM,,unknown,unknown
FREI,,unknown,unknown
FREL,,unknown,unknown
FRGN,,unknown,unknown
FRI,,unknown,unknown
FRIZ,,unknown,unknown
FRNW,,unknown,unknown
FRWD,,unknown,unknown
FSEC,,unknown,unknown
FSGS,,unknown,unknown
FSIG,,unknown,unknown
FSMB,,unknown,unknown
FSMD,,unknown,unknown
FSOL,,unknown,unknown
FSTA,,unknown,unknown
FSTB,,unknown,unknown
FSYD,,unknown,unknown
FSZ,,unknown,unknown
FTAG,,unknown,unknown
FTBD,,unknown,unknown
FTBI,,unknown,unknown
FTCA,,unknown,unknown
FTCB,,unknown,unknown
FTCE,,unknown,unknown
FTDS,,unknown,unknown
FTEC,,unknown,unknown
FTGC,,unknown,unknown
FTGS,,unknown,unknown
FTHB,,unknown,unknown
FTHF,,unknown,unknown
FTIF,,unknown,unknown
FTLS,,unknown,unknown
FTMA,,unknown,unknown
FTMH,,unknown,unknown
FTMN,,unknown,unknown
FTMS,,unknown,unknown
FTMU,,unknown,unknown
FTNJ,,unknown,unknown
FTNY,,unknown,unknown
FTOH,,unknown,unknown
FTPA,,unknown,unknown
FTRB,,unknown,unknown
FTRI,,unknown,unknown
FTSD,,unknown,unknown
FTSL,,unknown,unknown
FTSM,,unknown,unknown
FTWO,,unknown,unknown
FTXG,,unknown,unknown
FTXH,,unknown,unknown
FTXL,,unknown,unknown
FTXN,,unknown,unknown
FTXO,,unknown,unknown
FTXR,,unknown,unknown
FUSI,,unknown,unknown
FUTY,,unknown,unknown
FV,,unknown,unknown
FVAL,,unknown,unknown
FVC,,unknown,unknown
FVD,,unknown,unknown
FWD,,unknown,unknown
FXA,,unknown,unknown
FXB,,unknown,unknown
FXC,,unknown,unknown
FXD,,unknown,unknown
FXE,,unknown,unknown
FXED,,unknown,unknown
FXF,,unknown,unknown
FXG,,unknown,unknown
FXH,,unknown,unknown
FXL,,unknown,unknown
FXN,,unknown,unknown
FXO,,unknown,unknown
FXR,,unknown,unknown
FXU,,unknown,unknown
FXY,,unknown,unknown
FXZ,,unknown,unknown
FYEE,,unknown,unknown
FYLD,,unknown,unknown
GAA,,unknown,unknown
GABF,,unknown,unknown
GAEM,,unknown,unknown
GAL,,unknown,unknown
GAMR,,unknown,unknown
GARA,,unknown,unknown
GARP,,unknown,unknown
GARY,,unknown,unknown
GASZ,,unknown,unknown
GAVA,,unknown,unknown
GBF,,unknown,unknown
GBHI,,unknown,unknown
GBIL,,unknown,unknown
GBND,,unknown,unknown
GBTC,,unknown,unknown
GBUG,,unknown,unknown
GCAD,,unknown,unknown
GCAL,,unknown,unknown
GCC,,unknown,unknown
GCOR,,unknown,unknown
GCOW,,unknown,unknown
GDE,,unknown,unknown
GDIV,,unknown,unknown
GDLC,,unknown,unknown
GDMA,,unknown,unknown
GDMN,,unknown,unknown
GDOC,,unknown,unknown
GDOG,,unknown,unknown
GDT,,unknown,unknown
GDX,,unknown,unknown
GDXJ,,unknown,unknown
GEM,,unknown,unknown
GEMD,,unknown,unknown
GEME,,unknown,unknown
GENZ,,unknown,unknown
GEOA,,unknown,unknown
GEQ,,unknown,unknown
GEW,,unknown,unknown
GFGF,,unknown,unknown
GFLW,,unknown,unknown
GGM,,unknown,unknown
GGME,,unknown,unknown
GGOV,,unknown,unknown
GGRW,,unknown,unknown
GGTL,,unknown,unknown
GGUS,,unknown,unknown
GHTA,,unknown,unknown
GHYB,,unknown,unknown
GHYG,,unknown,unknown
GIAX,,unknown,unknown
GIEQ,,unknown,unknown
GIGB,,unknown,unknown
GIGL,,unknown,unknown
GII,,unknown,unknown
GIND,,unknown,unknown
GINN,,unknown,unknown
GINX,,unknown,unknown
GISC,,unknown,unknown
GK,,unknown,unknown
GKAT,,unknown,unknown
GLAM,,unknown,unknown
GLBL,,unknown,unknown
GLCR,,unknown,unknown
GLDB,,unknown,unknown
GLDM,,unknown,unknown
GLDN,,unknown,unknown
GLIN,,unknown,unknown
GLIX,,unknown,unknown
GLNK,,unknown,unknown
GLOF,,unknown,unknown
GLOW,,unknown,unknown
GLRY,,unknown,unknown
GLTR,,unknown,unknown
GMF,,unknown,unknown
GMMA,,unknown,unknown
GMMF,,unknown,unknown
GMNY,,unknown,unknown
GMOD,,unknown,unknown
GMOI,,unknown,unknown
GMOM,,unknown,unknown
GMOV,,unknown,unknown
GMUB,,unknown,unknown
GNMA,,unknown,unknown
GNMX,,unknown,unknown
GNOM,,unknown,unknown
GNR,,unknown,unknown
GOAU,,unknown,unknown
GOEX,,unknown,unknown
GOLI,,unknown,unknown
GOLS,,unknown,unknown
GOLY,,unknown,unknown
GOOP,,unknown,unknown
GOP,,unknown,unknown
GOVI,,unknown,unknown
GOVM,,unknown,unknown
GOVT,,unknown,unknown
GOVZ,,unknown,unknown
GPRF,,unknown,unknown
GPT,,unknown,unknown
GPZ,,unknown,unknown
GQGU,,unknown,unknown
GQI,,unknown,unknown
GQQQ,,unknown,unknown
GQRE,,unknown,unknown
GREK,,unknown,unknown
GRID,,unknown,unknown
GRIN,,unknown,unknown
GRNB,,unknown,unknown
GROZ,,unknown,unknown
GRW,,unknown,unknown
GSEE,,unknown,unknown
GSEU,,unknown,unknown
GSG,,unknown,unknown
GSGO,,unknown,unknown
GSIB,,unknown,unknown
GSID,,unknown,unknown
GSIE,,unknown,unknown
GSJY,,unknown,unknown
GSKH,,unknown,unknown
GSOL,,unknown,unknown
GSPY,,unknown,unknown
GSUI,,unknown,unknown
GSUS,,unknown,unknown
GSWO,,unknown,unknown
GTEK,,unknown,unknown
GTIP,,unknown,unknown
GTND,,unknown,unknown
GTO,,unknown,unknown
GTOC,,unknown,unknown
GTOH,,unknown,unknown
GTOP,,unknown,unknown
GTOQ,,unknown,unknown
GTOS,,unknown,unknown
GTPE,,unknown,unknown
GTR,,unknown,unknown
GUNR,,unknown,unknown
GURU,,unknown,unknown
GUSA,,unknown,unknown
GUSE,,unknown,unknown
GVAL,,unknown,unknown
GVI,,unknown,unknown
GVIP,,unknown,unknown
GVLE,,unknown,unknown
GVLU,,unknown,unknown
GVUS,,unknown,unknown
GXC,,unknown,unknown
GXDW,,unknown,unknown
GXIG,,unknown,unknown
GXLC,,unknown,unknown
GXRP,,unknown,unknown
GXUS,,unknown,unknown
GYLD,,unknown,unknown
HACK,,unknown,unknown
HAIL,,unknown,unknown
HAP,,unknown,unknown
HARD,,unknown,unknown
HAUS,,unknown,unknown
HAUZ,,unknown,unknown
HAWX,,unknown,unknown
HBDC,,unknown,unknown
HBR,,unknown,unknown
HBRD,,unknown,unknown
HBTA,,unknown,unknown
HBTC,,unknown,unknown
HCMT,,unknown,unknown
HCRB,,unknown,unknown
HDEF,,unknown,unknown
HDG,,unknown,unknown
HDGE,,unknown,unknown
HDUS,,unknown,unknown
HDV,,unknown,unknown
HEAL,,unknown,unknown
HECO,,unknown,unknown
HEDG,,unknown,unknown
HEDJ,,unknown,unknown
HEEM,,unknown,unknown
HEFA,,unknown,unknown
HEFT,,unknown,unknown
HELO,,unknown,unknown
HELS,,unknown,unknown
HELX,,unknown,unknown
HEQQ,,unknown,unknown
HEQT,,unknown,unknown
HERD,,unknown,unknown
HERO,,unknown,unknown
HEWJ,,unknown,unknown
HEZU,,unknown,unknown
HF,,unknown,unknown
HFEQ,,unknown,unknown
HFGM,,unknown,unknown
HFMF,,unknown,unknown
HFND,,unknown,unknown
HFSI,,unknown,unknown
HFXI,,unknown,unknown
HGER,,unknown,unknown
HGRO,,unknown,unknown
HIDE,,unknown,unknown
HIDV,,unknown,unknown
HIGH,,unknown,unknown
HIMU,,unknown,unknown
HIPS,,unknown,unknown
HIS,,unknown,unknown
HISF,,unknown,unknown
HLAL,,unknown,unknown
HMOP,,unknown,unknown
HMYY,,unknown,unknown
HNDL,,unknown,unknown
HODL,,unknown,unknown
HOLA,,unknown,unknown
HOLD,,unknown,unknown
HOYY,,unknown,unknown
HQGO,,unknown,unknown
HRSK,,unknown,unknown
HRTS,,unknown,unknown
HSBH,,unknown,unknown
HTAB,,unknown,unknown
HTAX,,unknown,unknown
HTEC,,unknown,unknown
HTRB,,unknown,unknown
HTUS,,unknown,unknown
HULL,,unknown,unknown
HUMN,,unknown,unknown
HVAC,,unknown,unknown
HWAY,,unknown,unknown
HYBB,,unknown,unknown
HYBI,,unknown,unknown
HYBL,,unknown,unknown
HYBX,,unknown,unknown
HYD,,unknown,unknown
HYDB,,unknown,unknown
HYDR,,unknown,unknown
HYDW,,unknown,unknown
HYEM,,unknown,unknown
HYFI,,unknown,unknown
HYGH,,unknown,unknown
HYGM,,unknown,unknown
HYGV,,unknown,unknown
HYHG,,unknown,unknown
HYIN,,unknown,unknown
HYLB,,unknown,unknown
HYLS,,unknown,unknown
HYMB,,unknown,unknown
HYP,,unknown,unknown
HYPG,,unknown,unknown
HYS,,unknown,unknown
HYSA,,unknown,unknown
HYSD,,unknown,unknown
HYTI,,unknown,unknown
HYTR,,unknown,unknown
HYUP,,unknown,unknown
HYXF,,unknown,unknown
HYZD,,unknown,unknown
IAGG,,unknown,unknown
IAI,,unknown,unknown
IAK,,unknown,unknown
IALT,,unknown,unknown
IAT,,unknown,unknown
IAU,,unknown,unknown
IAUI,,unknown,unknown
IAUM,,unknown,unknown
IBAT,,unknown,unknown
IBB,,unknown,unknown
IBBQ,,unknown,unknown
IBCA,,unknown,unknown
IBCB,,unknown,unknown
IBD,,unknown,unknown
IBDR,,unknown,unknown
IBDS,,unknown,unknown
IBDT,,unknown,unknown
IBDU,,unknown,unknown
IBDV,,unknown,unknown
IBDW,,unknown,unknown
IBDX,,unknown,unknown
IBDY,,unknown,unknown
IBDZ,,unknown,unknown
IBGA,,unknown,unknown
IBGB,,unknown,unknown
IBGC,,unknown,unknown
IBGK,,unknown,unknown
IBGL,,unknown,unknown
IBGM,,unknown,unknown
IBHF,,unknown,unknown
IBHG,,unknown,unknown
IBHH,,unknown,unknown
IBHI,,unknown,unknown
IBHJ,,unknown,unknown
IBHK,,unknown,unknown
IBHL,,unknown,unknown
IBHM,,unknown,unknown
IBIC,,unknown,unknown
IBID,,unknown,unknown
IBIE,,unknown,unknown
IBIF,,unknown,unknown
IBIG,,unknown,unknown
IBIH,,unknown,unknown
IBII,,unknown,unknown
IBIJ,,unknown,unknown
IBIK,,unknown,unknown
IBIL,,unknown,unknown
IBIM,,unknown,unknown
IBIT,,unknown,unknown
IBLC,,unknown,unknown
IBMO,,unknown,unknown
IBMP,,unknown,unknown
IBMQ,,unknown,unknown
IBMR,,unknown,unknown
IBMS,,unknown,unknown
IBMT,,unknown,unknown
IBMU,,unknown,unknown
IBMV,,unknown,unknown
IBMW,,unknown,unknown
IBMX,,unknown,unknown
IBND,,unknown,unknown
IBOT,,unknown,unknown
IBRN,,unknown,unknown
IBTG,,unknown,unknown
IBTH,,unknown,unknown
IBTI,,unknown,unknown
IBTJ,,unknown,unknown
IBTK,,unknown,unknown
IBTL,,unknown,unknown
IBTM,,unknown,unknown
IBTO,,unknown,unknown
IBTP,,unknown,unknown
IBTQ,,unknown,unknown
IBTR,,unknown,unknown
IBUY,,unknown,unknown
ICF,,unknown,unknown
ICLN,,unknown,unknown
ICLO,,unknown,unknown
ICOP,,unknown,unknown
ICOW,,unknown,unknown
ICPI,,unknown,unknown
ICPY,,unknown,unknown
ICVT,,unknown,unknown
IDEF,,unknown,unknown
IDEQ,,unknown,unknown
IDEV,,unknown,unknown
IDGT,,unknown,unknown
IDHQ,,unknown,unknown
IDMO,,unknown,unknown
IDNA,,unknown,unknown
IDOG,,unknown,unknown
IDRV,,unknown,unknown
IDU,,unknown,unknown
IDUB,,unknown,unknown
IDV,,unknown,unknown
IDVO,,unknown,unknown
IDVY,,unknown,unknown
IDVZ,,unknown,unknown
IDX,,unknown,unknown
IDYN,,unknown,unknown
IEDI,,unknown,unknown
IEFA,,unknown,unknown
IEI,,unknown,unknown
IEMG,,unknown,unknown
IEO,,unknown,unknown
IETC,,unknown,unknown
IEUR,,unknown,unknown
IEV,,unknown,unknown
IEZ,,unknown,unknown
IFED,,unknown,unknown
IFGL,,unknown,unknown
IFLN,,unknown,unknown
IFLO,,unknown,unknown
IFRA,,unknown,unknown
IFV,,unknown,unknown
IG,,unknown,unknown
IGBH,,unknown,unknown
IGCB,,unknown,unknown
IGE,,unknown,unknown
IGEB,,unknown,unknown
IGF,,unknown,unknown
IGGY,,unknown,unknown
IGHG,,unknown,unknown
IGIB,,unknown,unknown
IGLB,,unknown,unknown
IGLD,,unknown,unknown
IGM,,unknown,unknown
IGOV,,unknown,unknown
IGPT,,unknown,unknown
IGRO,,unknown,unknown
IGSB,,unknown,unknown
IGTR,,unknown,unknown
IGV,,unknown,unknown
IHAK,,unknown,unknown
IHDG,,unknown,unknown
IHE,,unknown,unknown
IHF,,unknown,unknown
IHI,,unknown,unknown
IHY,,unknown,unknown
IIGD,,unknown,unknown
IINC,,unknown,unknown
ILDR,,unknown,unknown
ILF,,unknown,unknown
ILIT,,unknown,unknown
ILS,,unknown,unknown
ILTB,,unknown,unknown
IMF,,unknown,unknown
IMFL,,unknown,unknown
IMOM,,unknown,unknown
IMTB,,unknown,unknown
IMTG,,unknown,unknown
IMTM,,unknown,unknown
IMVP,,unknown,unknown
INCE,,unknown,unknown
INCM,,unknown,unknown
INCO,,unknown,unknown
IND,,unknown,unknown
INDA,,unknown,unknown
INDE,,unknown,unknown
INDH,,unknown,unknown
INDQ,,unknown,unknown
INDS,,unknown,unknown
INDY,,unknown,unknown
INDZ,,unknown,unknown
INEQ,,unknown,unknown
INFL,,unknown,unknown
INKM,,unknown,unknown
INMU,,unknown,unknown
INQQ,,unknown,unknown
INRO,,unknown,unknown
INTF,,unknown,unknown
INTL,,unknown,unknown
INTM,,unknown,unknown
INVG,,unknown,unknown
INVN,,unknown,unknown
ION,,unknown,unknown
IOO,,unknown,unknown
IOPP,,unknown,unknown
IOYY,,unknown,unknown
IPAC,,unknown,unknown
IPAV,,unknown,unknown
IPAY,,unknown,unknown
IPB,,unknown,unknown
IPKW,,unknown,unknown
IPO,,unknown,unknown
IQDF,,unknown,unknown
IQDG,,unknown,unknown
IQDY,,unknown,unknown
IQHI,,unknown,unknown
IQLT,,unknown,unknown
IQM,,unknown,unknown
IQMM,,unknown,unknown
IQQQ,,unknown,unknown
IQRA,,unknown,unknown
IQSI,,unknown,unknown
IQSZ,,unknown,unknown
IROC,,unknown,unknown
IRTR,,unknown,unknown
ISBG,,unknown,unknown
ISHG,,unknown,unknown
ISHP,,unknown,unknown
ISMF,,unknown,unknown
ISPY,,unknown,unknown
ISRA,,unknown,unknown
ISSB,,unknown,unknown
ISTB,,unknown,unknown
ISTM,,unknown,unknown
ISWN,,unknown,unknown
ITA,,unknown,unknown
ITAN,,unknown,unknown
ITB,,unknown,unknown
ITDB,,unknown,unknown
ITDC,,unknown,unknown
ITDD,,unknown,unknown
ITDE,,unknown,unknown
ITDF,,unknown,unknown
ITDG,,unknown,unknown
ITDH,,unknown,unknown
ITDI,,unknown,unknown
ITDJ,,unknown,unknown
ITEQ,,unknown,unknown
ITM,,unknown,unknown
ITOT,,unknown,unknown
ITWO,,unknown,unknown
IUS,,unknown,unknown
IUSB,,unknown,unknown
IUSG,,unknown,unknown
IUSV,,unknown,unknown
IVAL,,unknown,unknown
IVE,,unknown,unknown
IVEP,,unknown,unknown
IVES,,unknown,unknown
IVLU,,unknown,unknown
IVRS,,unknown,unknown
IVSI,,unknown,unknown
IVSS,,unknown,unknown
IVSX,,unknown,unknown
IVW,,unknown,unknown
IWB,,unknown,unknown
IWD,,unknown,unknown
IWF,,unknown,unknown
IWL,,unknown,unknown
IWMI,,unknown,unknown
IWMY,,unknown,unknown
IWN,,unknown,unknown
IWO,,unknown,unknown
IWV,,unknown,unknown
IWX,,unknown,unknown
IWY,,unknown,unknown
IXC,,unknown,unknown
IXG,,unknown,unknown
IXJ,,unknown,unknown
IXN,,unknown,unknown
IXP,,unknown,unknown
IXUS,,unknown,unknown
IYC,,unknown,unknown
IYE,,unknown,unknown
IYF,,unknown,unknown
IYG,,unknown,unknown
IYH,,unknown,unknown
IYJ,,unknown,unknown
IYK,,unknown,unknown
IYLD,,unknown,unknown
IYM,,unknown,unknown
IYR,,unknown,unknown
IYRI,,unknown,unknown
IYT,,unknown,unknown
IYW,,unknown,unknown
IYY,,unknown,unknown
IYZ,,unknown,unknown
IZRL,,unknown,unknown
JA,,unknown,unknown
JAAA,,unknown,unknown
JABS,,unknown,unknown
JADE,,unknown,unknown
JAJL,,unknown,unknown
JANZ,,unknown,unknown
JAPN,,unknown,unknown
JAVA,,unknown,unknown
JBBB,,unknown,unknown
JBND,,unknown,unknown
JCAL,,unknown,unknown
JCHI,,unknown,unknown
JCPB,,unknown,unknown
JCPI,,unknown,unknown
JDIV,,unknown,unknown
JDOC,,unknown,unknown
JDVI,,unknown,unknown
JDVL,,unknown,unknown
JEDI,,unknown,unknown
JELH,,unknown,unknown
JELM,,unknown,unknown
JEMA,,unknown,unknown
JEMB,,unknown,unknown
JETS,,unknown,unknown
JFLI,,unknown,unknown
JFLX,,unknown,unknown
JGLO,,unknown,unknown
JGRO,,unknown,unknown
JGRW,,unknown,unknown
JHAI,,unknown,unknown
JHCB,,unknown,unknown
JHCP,,unknown,unknown
JHCR,,unknown,unknown
JHDG,,unknown,unknown
JHDV,,unknown,unknown
JHEM,,unknown,unknown
JHHY,,unknown,unknown
JHID,,unknown,unknown
JHLN,,unknown,unknown
JHMB,,unknown,unknown
JHMD,,unknown,unknown
JHMU,,unknown,unknown
JHPI,,unknown,unknown
JIDE,,unknown,unknown
JIG,,unknown,unknown
JIII,,unknown,unknown
JIRE,,unknown,unknown
JIVE,,unknown,unknown
JLQD,,unknown,unknown
JMBS,,unknown,unknown
JMHI,,unknown,unknown
JMMF,,unknown,unknown
JMOM,,unknown,unknown
JMSI,,unknown,unknown
JMTG,,unknown,unknown
JMUB,,unknown,unknown
JNK,,unknown,unknown
JOET,,unknown,unknown
JOJO,,unknown,unknown
JOUL,,unknown,unknown
JOYT,,unknown,unknown
JPAN,,unknown,unknown
JPEF,,unknown,unknown
JPEM,,unknown,unknown
JPFP,,unknown,unknown
JPHY,,unknown,unknown
JPIB,,unknown,unknown
JPIE,,unknown,unknown
JPIN,,unknown,unknown
JPLD,,unknown,unknown
JPMB,,unknown,unknown
JPRE,,unknown,unknown
JPUS,,unknown,unknown
JPXN,,unknown,unknown
JPY,,unknown,unknown
JQUA,,unknown,unknown
JRE,,unknown,unknown
JSCP,,unknown,unknown
JSI,,unknown,unknown
JTEK,,unknown,unknown
JTNY,,unknown,unknown
JUCY,,unknown,unknown
JUDO,,unknown,unknown
JULZ,,unknown,unknown
JUNZ,,unknown,unknown
JVAL,,unknown,unknown
JXI,,unknown,unknown
JXX,,unknown,unknown
KAMO,,unknown,unknown
KARS,,unknown,unknown
KAT,,unknown,unknown
KBA,,unknown,unknown
KBE,,unknown,unknown
KBWB,,unknown,unknown
KBWD,,unknown,unknown
KBWP,,unknown,unknown
KBWY,,unknown,unknown
KCAI,,unknown,unknown
KCCA,,unknown,unknown
KCOP,,unknown,unknown
KDEF,,unknown,unknown
KDRN,,unknown,unknown
KDVD,,unknown,unknown
KEAT,,unknown,unknown
KEMQ,,unknown,unknown
KEMX,,unknown,unknown
KGLD,,unknown,unknown
KGRN,,unknown,unknown
KHYB,,unknown,unknown
KIE,,unknown,unknown
KLMN,,unknown,unknown
KLMT,,unknown,unknown
KMCA,,unknown,unknown
KMEM,,unknown,unknown
KMLM,,unknown,unknown
KNCT,,unknown,unknown
KNG,,unknown,unknown
KNGZ,,unknown,unknown
KNO,,unknown,unknown
KNOW,,unknown,unknown
KNRG,,unknown,unknown
KOID,,unknown,unknown
KOKU,,unknown,unknown
KOMP,,unknown,unknown
KONG,,unknown,unknown
KOOL,,unknown,unknown
KORP,,unknown,unknown
KQQQ,,unknown,unknown
KRBN,,unknown,unknown
KRE,,unknown,unknown
KRMA,,unknown,unknown
KROP,,unknown,unknown
KRYP,,unknown,unknown
KSA,,unknown,unknown
KSLV,,unknown,unknown
KSPY,,unknown,unknown
KSTR,,unknown,unknown
KTEC,,unknown,unknown
KURE,,unknown,unknown
KVLE,,unknown,unknown
KWEB,,unknown,unknown
KWIN,,unknown,unknown
KWT,,unknown,unknown
KXI,,unknown,unknown
KYC,,unknown,unknown
KYLD,,unknown,unknown
LADM,,unknown,unknown
LALT,,unknown,unknown
LATR,,unknown,unknown
LAZR,,unknown,unknown
LBAY,,unknown,unknown
LBO,,unknown,unknown
LCDS,,unknown,unknown
LCO,,unknown,unknown
LCOW,,unknown,unknown
LCR,,unknown,unknown
LCTD,,unknown,unknown
LCTU,,unknown,unknown
LDDR,,unknown,unknown
LDEM,,unknown,unknown
LDRC,,unknown,unknown
LDRH,,unknown,unknown
LDRI,,unknown,unknown
LDRT,,unknown,unknown
LDRX,,unknown,unknown
LDSF,,unknown,unknown
LDUR,,unknown,unknown
LEAD,,unknown,unknown
LEGR,,unknown,unknown
LEMB,,unknown,unknown
LEND,,unknown,unknown
LENS,,unknown,unknown
LEXI,,unknown,unknown
LFAI,,unknown,unknown
LFAO,,unknown,unknown
LFAW,,unknown,unknown
LFBE,,unknown,unknown
LFDR,,unknown,unknown
LFEQ,,unknown,unknown
LFSC,,unknown,unknown
LGCF,,unknown,unknown
LGH,,unknown,unknown
LGHT,,unknown,unknown
LGOV,,unknown,unknown
LIAE,,unknown,unknown
LIAM,,unknown,unknown
LIAU,,unknown,unknown
LIBD,,unknown,unknown
LIFT,,unknown,unknown
LIMI,,unknown,unknown
LIT,,unknown,unknown
LITP,,unknown,unknown
LKOR,,unknown,unknown
LLDR,,unknown,unknown
LMBS,,unknown,unknown
LMUB,,unknown,unknown
LNGX,,unknown,unknown
LODI,,unknown,unknown
LOGO,,unknown,unknown
LOHA,,unknown,unknown
LONZ,,unknown,unknown
LOPP,,unknown,unknown
LOTI,,unknown,unknown
LOUP,,unknown,unknown
LPRE,,unknown,unknown
LQ,,unknown,unknown
LQD,,unknown,unknown
LQDB,,unknown,unknown
LQDH,,unknown,unknown
LQDI,,unknown,unknown
LQDM,,unknown,unknown
LQID,,unknown,unknown
LQTI,,unknown,unknown
LRGF,,unknown,unknown
LRGG,,unknown,unknown
LRNZ,,unknown,unknown
LSAF,,unknown,unknown
LSAT,,unknown,unknown
LSCP,,unknown,unknown
LSEQ,,unknown,unknown
LSGR,,unknown,unknown
LST,,unknown,unknown
LSTB,,unknown,unknown
LSVD,,unknown,unknown
LTAX,,unknown,unknown
LTCC,,unknown,unknown
LTPZ,,unknown,unknown
LTTI,,unknown,unknown
LVDS,,unknown,unknown
LVIG,,unknown,unknown
MAAY,,unknown,unknown
MADE,,unknown,unknown
MAGA,,unknown,unknown
MAGC,,unknown,unknown
MAGG,,unknown,unknown
MAGS,,unknown,unknown
MAKX,,unknown,unknown
MAMB,,unknown,unknown
MANI,,unknown,unknown
MAPP,,unknown,unknown
MARS,,unknown,unknown
MARZ,,unknown,unknown
MATE,,unknown,unknown
MAUG,,unknown,unknown
MAVF,,unknown,unknown
MAXI,,unknown,unknown
MAYZ,,unknown,unknown
MBB,,unknown,unknown
MBBA,,unknown,unknown
MBBB,,unknown,unknown
MBCE,,unknown,unknown
MBND,,unknown,unknown
MBOX,,unknown,unknown
MBS,,unknown,unknown
MBSD,,unknown,unknown
MBSF,,unknown,unknown
MBSX,,unknown,unknown
MCDS,,unknown,unknown
MCH,,unknown,unknown
MCHI,,unknown,unknown
MCHS,,unknown,unknown
MCVT,,unknown,unknown
MDAA,,unknown,unknown
MDCR,,unknown,unknown
MDEV,,unknown,unknown
MDIV,,unknown,unknown
MDPL,,unknown,unknown
MDST,,unknown,unknown
MEAR,,unknown,unknown
MEDI,,unknown,unknown
MEDX,,unknown,unknown
MEM,,unknown,unknown
MEMA,,unknown,unknown
MEME,,unknown,unknown
MEMS,,unknown,unknown
MEMX,,unknown,unknown
METL,,unknown,unknown
METV,,unknown,unknown
MFDX,,unknown,unknown
MFEB,,unknown,unknown
MFEM,,unknown,unknown
MFIG,,unknown,unknown
MFLX,,unknown,unknown
MFMO,,unknown,unknown
MFSB,,unknown,unknown
MFSG,,unknown,unknown
MFSI,,unknown,unknown
MFSM,,unknown,unknown
MFSV,,unknown,unknown
MFUL,,unknown,unknown
MFUS,,unknown,unknown
MFUT,,unknown,unknown
MFVL,,unknown,unknown
MGNR,,unknown,unknown
MGOV,,unknown,unknown
MHIG,,unknown,unknown
MHIP,,unknown,unknown
MHY,,unknown,unknown
MIG,,unknown,unknown
MIGO,,unknown,unknown
MILK,,unknown,unknown
MILN,,unknown,unknown
MINN,,unknown,unknown
MINO,,unknown,unknown
MINT,,unknown,unknown
MINV,,unknown,unknown
MISL,,unknown,unknown
MIVL,,unknown,unknown
MJ,,unknown,unknown
MJUN,,unknown,unknown
MKAM,,unknown,unknown
MKOR,,unknown,unknown
MKTN,,unknown,unknown
MLDR,,unknown,unknown
MLN,,unknown,unknown
MLPA,,unknown,unknown
MLPI,,unknown,unknown
MLPX,,unknown,unknown
MMAR,,unknown,unknown
MMAY,,unknown,unknown
MMCA,,unknown,unknown
MMIN,,unknown,unknown
MMIT,,unknown,unknown
MMK,,unknown,unknown
MMMA,,unknown,unknown
MMSD,,unknown,unknown
MMTM,,unknown,unknown
MNA,,unknown,unknown
MNBD,,unknown,unknown
MNRS,,unknown,unknown
MNVR,,unknown,unknown
MNVT,,unknown,unknown
MNZL,,unknown,unknown
MOAT,,unknown,unknown
MODL,,unknown,unknown
MOO,,unknown,unknown
MOOD,,unknown,unknown
MORT,,unknown,unknown
MOTG,,unknown,unknown
MOTI,,unknown,unknown
MOTO,,unknown,unknown
MPLY,,unknown,unknown
MRGR,,unknown,unknown
MRSK,,unknown,unknown
MSBT,,unknown,unknown
MSEP,,unknown,unknown
MSFY,,unknown,unknown
MSMR,,unknown,unknown
MSOS,,unknown,unknown
MSSS,,unknown,unknown
MSTB,,unknown,unknown
MSTI,,unknown,unknown
MSTQ,,unknown,unknown
MTBA,,unknown,unknown
MTGP,,unknown,unknown
MTRA,,unknown,unknown
MTUM,,unknown,unknown
MTYY,,unknown,unknown
MUB,,unknown,unknown
MULT,,unknown,unknown
MUNA,,unknown,unknown
MUNB,,unknown,unknown
MUNC,,unknown,unknown
MUND,,unknown,unknown
MUNI,,unknown,unknown
MUNX,,unknown,unknown
MUNY,,unknown,unknown
MUSE,,unknown,unknown
MUSI,,unknown,unknown
MUSQ,,unknown,unknown
MUST,,unknown,unknown
MUYY,,unknown,unknown
MVAL,,unknown,unknown
MVFD,,unknown,unknown
MVFG,,unknown,unknown
MVPA,,unknown,unknown
MVPL,,unknown,unknown
MWHS,,unknown,unknown
MXI,,unknown,unknown
MYCF,,unknown,unknown
MYCG,,unknown,unknown
MYCH,,unknown,unknown
MYCI,,unknown,unknown
MYCJ,,unknown,unknown
MYCK,,unknown,unknown
MYCL,,unknown,unknown
MYCM,,unknown,unknown
MYCN,,unknown,unknown
MYCO,,unknown,unknown
MYHA,,unknown,unknown
MYHB,,unknown,unknown
MYHC,,unknown,unknown
MYHD,,unknown,unknown
MYHE,,unknown,unknown
MYMF,,unknown,unknown
MYMG,,unknown,unknown
MYMH,,unknown,unknown
MYMI,,unknown,unknown
MYMJ,,unknown,unknown
MYMK,,unknown,unknown
NACP,,unknown,unknown
NANC,,unknown,unknown
NANR,,unknown,unknown
NASA,,unknown,unknown
NATO,,unknown,unknown
NBCE,,unknown,unknown
NBCM,,unknown,unknown
NBCR,,unknown,unknown
NBDS,,unknown,unknown
NBET,,unknown,unknown
NBFC,,unknown,unknown
NBGX,,unknown,unknown
NBIE,,unknown,unknown
NBJP,,unknown,unknown
NBOS,,unknown,unknown
NBSD,,unknown,unknown
NBTR,,unknown,unknown
NCIQ,,unknown,unknown
NCLO,,unknown,unknown
NCPB,,unknown,unknown
NDAA,,unknown,unknown
NDIA,,unknown,unknown
NDOW,,unknown,unknown
NEAR,,unknown,unknown
NEHI,,unknown,unknown
NELS,,unknown,unknown
NEMD,,unknown,unknown
NERD,,unknown,unknown
NETL,,unknown,unknown
NFLP,,unknown,unknown
NFLT,,unknown,unknown
NFRA,,unknown,unknown
NFRX,,unknown,unknown
NFTY,,unknown,unknown
NGHT,,unknown,unknown
NGIF,,unknown,unknown
NHYB,,unknown,unknown
NHYM,,unknown,unknown
NICO,,unknown,unknown
NIHI,,unknown,unknown
NIKL,,unknown,unknown
NITE,,unknown,unknown
NIXT,,unknown,unknown
NJNK,,unknown,unknown
NLR,,unknown,unknown
NLSI,,unknown,unknown
NMB,,unknown,unknown
NMBL,,unknown,unknown
NOBL,,unknown,unknown
NODE,,unknown,unknown
NOEQ,,unknown,unknown
NORW,,unknown,unknown
NOVZ,,unknown,unknown
NPFE,,unknown,unknown
NPFI,,unknown,unknown
NRES,,unknown,unknown
NRSH,,unknown,unknown
NSCI,,unknown,unknown
NSI,,unknown,unknown
NTRL,,unknown,unknown
NTSD,,unknown,unknown
NTSE,,unknown,unknown
NTSI,,unknown,unknown
NTSX,,unknown,unknown
NUAG,,unknown,unknown
NUBD,,unknown,unknown
NUDG,,unknown,unknown
NUDM,,unknown,unknown
NUDV,,unknown,unknown
NUEM,,unknown,unknown
NUGO,,unknown,unknown
NUGY,,unknown,unknown
NUHY,,unknown,unknown
NUIF,,unknown,unknown
NUKX,,unknown,unknown
NUKZ,,unknown,unknown
NUMI,,unknown,unknown
NURE,,unknown,unknown
NUSA,,unknown,unknown
NVII,,unknown,unknown
NVIR,,unknown,unknown
NVOH,,unknown,unknown
NVPS,,unknown,unknown
NVYY,,unknown,unknown
NXTE,,unknown,unknown
NXTG,,unknown,unknown
NXTI,,unknown,unknown
NXUS,,unknown,unknown
NYF,,unknown,unknown
NYM,,unknown,unknown
NYNY,,unknown,unknown
NYSX,,unknown,unknown
NYYY,,unknown,unknown
NZAC,,unknown,unknown
OACP,,unknown,unknown
OAEM,,unknown,unknown
OAIM,,unknown,unknown
OBIL,,unknown,unknown
OBND,,unknown,unknown
OBOR,,unknown,unknown
OBTC,,unknown,unknown
OCIO,,unknown,unknown
OCTZ,,unknown,unknown
ODDS,,unknown,unknown
ODDZ,,unknown,unknown
ODHY,,unknown,unknown
OEF,,unknown,unknown
OEFA,,unknown,unknown
OEI,,unknown,unknown
OGIG,,unknown,unknown
OGSP,,unknown,unknown
OIH,,unknown,unknown
OILK,,unknown,unknown
OMAH,,unknown,unknown
OMFL,,unknown,unknown
OMFS,,unknown,unknown
OND,,unknown,unknown
ONEH,,unknown,unknown
ONEO,,unknown,unknown
ONEQ,,unknown,unknown
ONEY,,unknown,unknown
ONLN,,unknown,unknown
ONOF,,unknown,unknown
OOSP,,unknown,unknown
OPPE,,unknown,unknown
OPPJ,,unknown,unknown
OPTZ,,unknown,unknown
ORBX,,unknown,unknown
ORO,,unknown,unknown
ORR,,unknown,unknown
OSEA,,unknown,unknown
OTGL,,unknown,unknown
OUNZ,,unknown,unknown
OUSA,,unknown,unknown
OVB,,unknown,unknown
OVF,,unknown,unknown
OVM,,unknown,unknown
OVT,,unknown,unknown
OWN,,unknown,unknown
OWNB,,unknown,unknown
OWNS,,unknown,unknown
OZEM,,unknown,unknown
PAAA,,unknown,unknown
PAB,,unknown,unknown
PABD,,unknown,unknown
PABU,,unknown,unknown
PALL,,unknown,unknown
PATN,,unknown,unknown
PAVE,,unknown,unknown
PAWZ,,unknown,unknown
PAYR,,unknown,unknown
PBD,,unknown,unknown
PBDC,,unknown,unknown
PBE,,unknown,unknown
PBEU,,unknown,unknown
PBJ,,unknown,unknown
PBL,,unknown,unknown
PBOG,,unknown,unknown
PBOT,,unknown,unknown
PBPH,,unknown,unknown
PBSC,,unknown,unknown
PBTP,,unknown,unknown
PBUS,,unknown,unknown
PBW,,unknown,unknown
PCEB,,unknown,unknown
PCEF,,unknown,unknown
PCFI,,unknown,unknown
PCHI,,unknown,unknown
PCI,,unknown,unknown
PCL,,unknown,unknown
PCLC,,unknown,unknown
PCLG,,unknown,unknown
PCLN,,unknown,unknown
PCLO,,unknown,unknown
PCMM,,unknown,unknown
PCPI,,unknown,unknown
PCPP,,unknown,unknown
PCR,,unknown,unknown
PCS,,unknown,unknown
PCSG,,unknown,unknown
PCY,,unknown,unknown
PDBA,,unknown,unknown
PDBC,,unknown,unknown
PDN,,unknown,unknown
PDP,,unknown,unknown
PEJ,,unknown,unknown
PEMX,,unknown,unknown
PEPS,,unknown,unknown
PEVC,,unknown,unknown
PEX,,unknown,unknown
PEXL,,unknown,unknown
PEY,,unknown,unknown
PEZ,,unknown,unknown
PFDE,,unknown,unknown
PFF,,unknown,unknown
PFFD,,unknown,unknown
PFFV,,unknown,unknown
PFI,,unknown,unknown
PFIG,,unknown,unknown
PFIX,,unknown,unknown
PFLD,,unknown,unknown
PFM,,unknown,unknown
PFOE,,unknown,unknown
PFRL,,unknown,unknown
PFXF,,unknown,unknown
PGF,,unknown,unknown
PGHY,,unknown,unknown
PGJ,,unknown,unknown
PGRI,,unknown,unknown
PGX,,unknown,unknown
PHDG,,unknown,unknown
PHEQ,,unknown,unknown
PHO,,unknown,unknown
PHYL,,unknown,unknown
PHYS,,unknown,unknown
PICB,,unknown,unknown
PICK,,unknown,unknown
PID,,unknown,unknown
PIE,,unknown,unknown
PIEL,,unknown,unknown
PIEQ,,unknown,unknown
PIFI,,unknown,unknown
PINC,,unknown,unknown
PINK,,unknown,unknown
PIO,,unknown,unknown
PIPE,,unknown,unknown
PIT,,unknown,unknown
PIZ,,unknown,unknown
PJBF,,unknown,unknown
PJFG,,unknown,unknown
PJFV,,unknown,unknown
PJIO,,unknown,unknown
PJP,,unknown,unknown
PJUS,,unknown,unknown
PKB,,unknown,unknown
PKW,,unknown,unknown
PLGI,,unknown,unknown
PLTM,,unknown,unknown
PLYY,,unknown,unknown
PMBS,,unknown,unknown
PMIO,,unknown,unknown
PMMF,,unknown,unknown
PNQI,,unknown,unknown
POW,,unknown,unknown
POWA,,unknown,unknown
POWR,,unknown,unknown
PPA,,unknown,unknown
PPH,,unknown,unknown
PPI,,unknown,unknown
PPLT,,unknown,unknown
PPTY,,unknown,unknown
PQDI,,unknown,unknown
PQNT,,unknown,unknown
PQUS,,unknown,unknown
PRAB,,unknown,unknown
PRAE,,unknown,unknown
PRAY,,unknown,unknown
PRCS,,unknown,unknown
PREF,,unknown,unknown
PRF,,unknown,unknown
PRFZ,,unknown,unknown
PRIV,,unknown,unknown
PRIZ,,unknown,unknown
PRMR,,unknown,unknown
PRN,,unknown,unknown
PRNT,,unknown,unknown
PRSD,,unknown,unknown
PRTO,,unknown,unknown
PRVS,,unknown,unknown
PRVT,,unknown,unknown
PRXI,,unknown,unknown
PSAI,,unknown,unknown
PSCJ,,unknown,unknown
PSCQ,,unknown,unknown
PSCW,,unknown,unknown
PSCX,,unknown,unknown
PSDM,,unknown,unknown
PSET,,unknown,unknown
PSFD,,unknown,unknown
PSFF,,unknown,unknown
PSFJ,,unknown,unknown
PSFM,,unknown,unknown
PSFO,,unknown,unknown
PSH,,unknown,unknown
PSI,,unknown,unknown
PSIL,,unknown,unknown
PSK,,unknown,unknown
PSL,,unknown,unknown
PSLV,,unknown,unknown
PSMD,,unknown,unknown
PSMJ,,unknown,unknown
PSMO,,unknown,unknown
PSMR,,unknown,unknown
PSP,,unknown,unknown
PSQA,,unknown,unknown
PSQO,,unknown,unknown
PSR,,unknown,unknown
PSTR,,unknown,unknown
PSWD,,unknown,unknown
PTBD,,unknown,unknown
PTEU,,unknown,unknown
PTF,,unknown,unknown
PTH,,unknown,unknown
PTIN,,unknown,unknown
PTL,,unknown,unknown
PTNQ,,unknown,unknown
PTNT,,unknown,unknown
PTRB,,unknown,unknown
PUI,,unknown,unknown
PVEX,,unknown,unknown
PVI,,unknown,unknown
PWER,,unknown,unknown
PWRD,,unknown,unknown
PWS,,unknown,unknown
PWZ,,unknown,unknown
PXE,,unknown,unknown
PXF,,unknown,unknown
PXH,,unknown,unknown
PXI,,unknown,unknown
PXJ,,unknown,unknown
PY,,unknown,unknown
PYLD,,unknown,unknown
PYZ,,unknown,unknown
PZA,,unknown,unknown
PZIV,,unknown,unknown
PZT,,unknown,unknown
QABA,,unknown,unknown
QAI,,unknown,unknown
QALT,,unknown,unknown
QARP,,unknown,unknown
QAT,,unknown,unknown
QBER,,unknown,unknown
QBIG,,unknown,unknown
QBUL,,unknown,unknown
QBY,,unknown,unknown
QCLN,,unknown,unknown
QCLR,,unknown,unknown
QDEF,,unknown,unknown
QDF,,unknown,unknown
QDIV,,unknown,unknown
QDVO,,unknown,unknown
QEFA,,unknown,unknown
QEMM,,unknown,unknown
QETH,,unknown,unknown
QEW,,unknown,unknown
QFHD,,unknown,unknown
QFRD,,unknown,unknown
QGRD,,unknown,unknown
QGRO,,unknown,unknown
QGRW,,unknown,unknown
QHDG,,unknown,unknown
QHY,,unknown,unknown
QIDX,,unknown,unknown
QIG,,unknown,unknown
QINT,,unknown,unknown
QIS,,unknown,unknown
QLDY,,unknown,unknown
QLTA,,unknown,unknown
QLTI,,unknown,unknown
QLTY,,unknown,unknown
QMOM,,unknown,unknown
QNDX,,unknown,unknown
QNXT,,unknown,unknown
QOWZ,,unknown,unknown
QPX,,unknown,unknown
QQA,,unknown,unknown
QQEW,,unknown,unknown
QQH,,unknown,unknown
QQHG,,unknown,unknown
QQMG,,unknown,unknown
QQQA,,unknown,unknown
QQQE,,unknown,unknown
QQQG,,unknown,unknown
QQQH,,unknown,unknown
QQQI,,unknown,unknown
QQQJ,,unknown,unknown
QQQM,,unknown,unknown
QQQS,,unknown,unknown
QQQT,,unknown,unknown
QQQY,,unknown,unknown
QQWZ,,unknown,unknown
QQXT,,unknown,unknown
QRMI,,unknown,unknown
QSIG,,unknown,unknown
QSIX,,unknown,unknown
QSOL,,unknown,unknown
QTAC,,unknown,unknown
QTEC,,unknown,unknown
QTOP,,unknown,unknown
QTPI,,unknown,unknown
QTR,,unknown,unknown
QTUM,,unknown,unknown
QTUP,,unknown,unknown
QUAL,,unknown,unknown
QUIZ,,unknown,unknown
QUS,,unknown,unknown
QUSA,,unknown,unknown
QVAL,,unknown,unknown
QVML,,unknown,unknown
QVMT,,unknown,unknown
QVOY,,unknown,unknown
QWLD,,unknown,unknown
QXQ,,unknown,unknown
RAA,,unknown,unknown
RAAA,,unknown,unknown
RAAR,,unknown,unknown
RAAX,,unknown,unknown
RAAY,,unknown,unknown
RACK,,unknown,unknown
RAFE,,unknown,unknown
RANK,,unknown,unknown
RAUS,,unknown,unknown
RAYJ,,unknown,unknown
RBLD,,unknown,unknown
RCGE,,unknown,unknown
RCLO,,unknown,unknown
RCLR,,unknown,unknown
RCLY,,unknown,unknown
RCTR,,unknown,unknown
RDFI,,unknown,unknown
RDOG,,unknown,unknown
RDVI,,unknown,unknown
RDVY,,unknown,unknown
REAI,,unknown,unknown
RECS,,unknown,unknown
REET,,unknown,unknown
REFA,,unknown,unknown
REIT,,unknown,unknown
REK,,unknown,unknown
REM,,unknown,unknown
REMG,,unknown,unknown
REMX,,unknown,unknown
REVS,,unknown,unknown
REXC,,unknown,unknown
REZ,,unknown,unknown
RFCI,,unknown,unknown
RFDA,,unknown,unknown
RFDI,,unknown,unknown
RFEM,,unknown,unknown
RFFC,,unknown,unknown
RFIX,,unknown,unknown
RGEF,,unknown,unknown
RGLO,,unknown,unknown
RGYY,,unknown,unknown
RHRX,,unknown,unknown
RHTX,,unknown,unknown
RIFR,,unknown,unknown
RIGS,,unknown,unknown
RILA,,unknown,unknown
RINF,,unknown,unknown
RING,,unknown,unknown
RINT,,unknown,unknown
RISE,,unknown,unknown
RISR,,unknown,unknown
RITA,,unknown,unknown
RIZE,,unknown,unknown
RJDI,,unknown,unknown
RJMI,,unknown,unknown
RJVI,,unknown,unknown
RKNG,,unknown,unknown
RKSG,,unknown,unknown
RLY,,unknown,unknown
RMCA,,unknown,unknown
RMHY,,unknown,unknown
RMIF,,unknown,unknown
RMME,,unknown,unknown
RMNY,,unknown,unknown
RMOP,,unknown,unknown
RMRC,,unknown,unknown
RND,,unknown,unknown
RNEM,,unknown,unknown
RNRG,,unknown,unknown
RNWZ,,unknown,unknown
ROAM,,unknown,unknown
ROBO,,unknown,unknown
ROBT,,unknown,unknown
ROCQ,,unknown,unknown
ROCY,,unknown,unknown
RODM,,unknown,unknown
ROE,,unknown,unknown
ROKT,,unknown,unknown
ROMO,,unknown,unknown
RONB,,unknown,unknown
ROPE,,unknown,unknown
ROUS,,unknown,unknown
RPAR,,unknown,unknown
RPG,,unknown,unknown
RPHS,,unknown,unknown
RPV,,unknown,unknown
RSBA,,unknown,unknown
RSBT,,unknown,unknown
RSBY,,unknown,unknown
RSEE,,unknown,unknown
RSIT,,unknown,unknown
RSP,,unknown,unknown
RSPA,,unknown,unknown
RSPC,,unknown,unknown
RSPD,,unknown,unknown
RSPE,,unknown,unknown
RSPF,,unknown,unknown
RSPG,,unknown,unknown
RSPH,,unknown,unknown
RSPM,,unknown,unknown
RSPN,,unknown,unknown
RSPR,,unknown,unknown
RSPS,,unknown,unknown
RSPT,,unknown,unknown
RSPU,,unknown,unknown
RSSB,,unknown,unknown
RSSL,,unknown,unknown
RSST,,unknown,unknown
RSSX,,unknown,unknown
RSSY,,unknown,unknown
RTAI,,unknown,unknown
RTH,,unknown,unknown
RTRE,,unknown,unknown
RTYY,,unknown,unknown
RULE,,unknown,unknown
RUNN,,unknown,unknown
RVER,,unknown,unknown
RVNU,,unknown,unknown
RW,,unknown,unknown
RWEM,,unknown,unknown
RWIN,,unknown,unknown
RWL,,unknown,unknown
RWO,,unknown,unknown
RWR,,unknown,unknown
RWX,,unknown,unknown
RXI,,unknown,unknown
SAEF,,unknown,unknown
SAGP,,unknown,unknown
SAMM,,unknown,unknown
SAMT,,unknown,unknown
SAPH,,unknown,unknown
SARK,,unknown,unknown
SASS,,unknown,unknown
SATO,,unknown,unknown
SBAR,,unknown,unknown
SBIL,,unknown,unknown
SBIO,,unknown,unknown
SBND,,unknown,unknown
SCCR,,unknown,unknown
SCDS,,unknown,unknown
SCHB,,unknown,unknown
SCHD,,unknown,unknown
SCHE,,unknown,unknown
SCHF,,unknown,unknown
SCHH,,unknown,unknown
SCHI,,unknown,unknown
SCHJ,,unknown,unknown
SCHK,,unknown,unknown
SCHO,,unknown,unknown
SCHP,,unknown,unknown
SCHQ,,unknown,unknown
SCHR,,unknown,unknown
SCHY,,unknown,unknown
SCHZ,,unknown,unknown
SCIO,,unknown,unknown
SCLZ,,unknown,unknown
SCMB,,unknown,unknown
SCOP,,unknown,unknown
SCYB,,unknown,unknown
SDCI,,unknown,unknown
SDCP,,unknown,unknown
SDEM,,unknown,unknown
SDFI,,unknown,unknown
SDG,,unknown,unknown
SDIV,,unknown,unknown
SDMF,,unknown,unknown
SDOG,,unknown,unknown
SDSI,,unknown,unknown
SDVD,,unknown,unknown
SDY,,unknown,unknown
SEA,,unknown,unknown
SECR,,unknown,unknown
SECT,,unknown,unknown
SECU,,unknown,unknown
SEEM,,unknown,unknown
SEF,,unknown,unknown
SEIE,,unknown,unknown
SEIX,,unknown,unknown
SEMG,,unknown,unknown
SEMI,,unknown,unknown
SEMY,,unknown,unknown
SEPZ,,unknown,unknown
SETH,,unknown,unknown
SETM,,unknown,unknown
SFGV,,unknown,unknown
SFTX,,unknown,unknown
SFTY,,unknown,unknown
SFY,,unknown,unknown
SFYF,,unknown,unknown
SFYI,,unknown,unknown
SGDJ,,unknown,unknown
SGDM,,unknown,unknown
SGOL,,unknown,unknown
SGOV,,unknown,unknown
SGRT,,unknown,unknown
SGVT,,unknown,unknown
SHAG,,unknown,unknown
SHDG,,unknown,unknown
SHE,,unknown,unknown
SHEH,,unknown,unknown
SHLD,,unknown,unknown
SHM,,unknown,unknown
SHOC,,unknown,unknown
SHPP,,unknown,unknown
SHRD,,unknown,unknown
SHRT,,unknown,unknown
SHRY,,unknown,unknown
SHV,,unknown,unknown
SHY,,unknown,unknown
SHYD,,unknown,unknown
SHYG,,unknown,unknown
SHYL,,unknown,unknown
SHYM,,unknown,unknown
SIFI,,unknown,unknown
SIHY,,unknown,unknown
SIL,,unknown,unknown
SILJ,,unknown,unknown
SIMS,,unknown,unknown
SIO,,unknown,unknown
SIOO,,unknown,unknown
SIVR,,unknown,unknown
SIXH,,unknown,unknown
SIXL,,unknown,unknown
SIZE,,unknown,unknown
SJB,,unknown,unknown
SJCP,,unknown,unknown
SJLD,,unknown,unknown
SJNK,,unknown,unknown
SKOR,,unknown,unknown
SKYY,,unknown,unknown
SLDR,,unknown,unknown
SLNZ,,unknown,unknown
SLQD,,unknown,unknown
SLV,,unknown,unknown
SLVP,,unknown,unknown
SLVR,,unknown,unknown
SLVX,,unknown,unknown
SLWS,,unknown,unknown
SLX,,unknown,unknown
SMB,,unknown,unknown
SMBS,,unknown,unknown
SMDV,,unknown,unknown
SMHC,,unknown,unknown
SMHX,,unknown,unknown
SMMD,,unknown,unknown
SMMU,,unknown,unknown
SMOG,,unknown,unknown
SMOM,,unknown,unknown
SMOT,,unknown,unknown
SMRF,,unknown,unknown
SMTH,,unknown,unknown
SMYY,,unknown,unknown
SNAV,,unknown,unknown
SNPD,,unknown,unknown
SNPE,,unknown,unknown
SNPG,,unknown,unknown
SNSR,,unknown,unknown
SNTH,,unknown,unknown
SOCL,,unknown,unknown
SOEZ,,unknown,unknown
SOFR,,unknown,unknown
SOLC,,unknown,unknown
SOLM,,unknown,unknown
SOLZ,,unknown,unknown
SOXQ,,unknown,unknown
SOYB,,unknown,unknown
SPAB,,unknown,unknown
SPAM,,unknown,unknown
SPAQ,,unknown,unknown
SPBC,,unknown,unknown
SPBO,,unknown,unknown
SPCK,,unknown,unknown
SPCT,,unknown,unknown
SPCZ,,unknown,unknown
SPD,,unknown,unknown
SPDF,,unknown,unknown
SPDG,,unknown,unknown
SPDV,,unknown,unknown
SPDW,,unknown,unknown
SPEM,,unknown,unknown
SPEU,,unknown,unknown
SPFF,,unknown,unknown
SPGM,,unknown,unknown
SPGP,,unknown,unknown
SPHB,,unknown,unknown
SPHQ,,unknown,unknown
SPHY,,unknown,unknown
SPIB,,unknown,unknown
SPIP,,unknown,unknown
SPIT,,unknown,unknown
SPLB,,unknown,unknown
SPLS,,unknown,unknown
SPMB,,unknown,unknown
SPMO,,unknown,unknown
SPPP,,unknown,unknown
SPRE,,unknown,unknown
SPRX,,unknown,unknown
SPSB,,unknown,unknown
SPSK,,unknown,unknown
SPTB,,unknown,unknown
SPTE,,unknown,unknown
SPTI,,unknown,unknown
SPTL,,unknown,unknown
SPTM,,unknown,unknown
SPTS,,unknown,unknown
SPUC,,unknown,unknown
SPUS,,unknown,unknown
SPVM,,unknown,unknown
SPWO,,unknown,unknown
SPXD,,unknown,unknown
SPXE,,unknown,unknown
SPXN,,unknown,unknown
SPXT,,unknown,unknown
SPXV,,unknown,unknown
SPYA,,unknown,unknown
SPYC,,unknown,unknown
SPYD,,unknown,unknown
SPYG,,unknown,unknown
SPYH,,unknown,unknown
SPYI,,unknown,unknown
SPYM,,unknown,unknown
SPYT,,unknown,unknown
SPYV,,unknown,unknown
SPYX,,unknown,unknown
SQS,,unknown,unknown
SRET,,unknown,unknown
SRHQ,,unknown,unknown
SRLN,,unknown,unknown
SROI,,unknown,unknown
SRVR,,unknown,unknown
SSFI,,unknown,unknown
SSK,,unknown,unknown
SSMG,,unknown,unknown
SSS,,unknown,unknown
SSUS,,unknown,unknown
SSXU,,unknown,unknown
STAX,,unknown,unknown
STBF,,unknown,unknown
STBQ,,unknown,unknown
STCE,,unknown,unknown
STHH,,unknown,unknown
STIP,,unknown,unknown
STLR,,unknown,unknown
STNC,,unknown,unknown
STOT,,unknown,unknown
STOX,,unknown,unknown
STPZ,,unknown,unknown
STRN,,unknown,unknown
STXD,,unknown,unknown
STXE,,unknown,unknown
STXF,,unknown,unknown
STXG,,unknown,unknown
STXT,,unknown,unknown
STXV,,unknown,unknown
STYL,,unknown,unknown
SUB,,unknown,unknown
SUIS,,unknown,unknown
SUPL,,unknown,unknown
SUPP,,unknown,unknown
SURE,,unknown,unknown
SURI,,unknown,unknown
SUSA,,unknown,unknown
SUSB,,unknown,unknown
SUSC,,unknown,unknown
SUSL,,unknown,unknown
SWAN,,unknown,unknown
SWP,,unknown,unknown
SXQG,,unknown,unknown
SYFI,,unknown,unknown
SYLD,,unknown,unknown
SYSB,,unknown,unknown
TABD,,unknown,unknown
TACK,,unknown,unknown
TACN,,unknown,unknown
TACU,,unknown,unknown
TAFI,,unknown,unknown
TAFL,,unknown,unknown
TAFM,,unknown,unknown
TAGG,,unknown,unknown
TAGS,,unknown,unknown
TAIL,,unknown,unknown
TALV,,unknown,unknown
TAN,,unknown,unknown
TAOZ,,unknown,unknown
TAPR,,unknown,unknown
TAX,,unknown,unknown
TAXE,,unknown,unknown
TAXF,,unknown,unknown
TAXI,,unknown,unknown
TAXM,,unknown,unknown
TAXS,,unknown,unknown
TAXT,,unknown,unknown
TAXX,,unknown,unknown
TBF,,unknown,unknown
TBFC,,unknown,unknown
TBFG,,unknown,unknown
TBG,,unknown,unknown
TBIL,,unknown,unknown
TBLL,,unknown,unknown
TBLU,,unknown,unknown
TBX,,unknown,unknown
TCAI,,unknown,unknown
TCAN,,unknown,unknown
TCHI,,unknown,unknown
TCHP,,unknown,unknown
TCPB,,unknown,unknown
TCV,,unknown,unknown
TDAQ,,unknown,unknown
TDAX,,unknown,unknown
TDI,,unknown,unknown
TDIV,,unknown,unknown
TDOG,,unknown,unknown
TDOT,,unknown,unknown
TDSB,,unknown,unknown
TDSC,,unknown,unknown
TDTF,,unknown,unknown
TDTT,,unknown,unknown
TDV,,unknown,unknown
TDVG,,unknown,unknown
TDVI,,unknown,unknown
TEC,,unknown,unknown
TECB,,unknown,unknown
TECY,,unknown,unknown
TEK,,unknown,unknown
TEKX,,unknown,unknown
TEKY,,unknown,unknown
TEMD,,unknown,unknown
TEMR,,unknown,unknown
TEQI,,unknown,unknown
TESL,,unknown,unknown
TETH,,unknown,unknown
TEXN,,unknown,unknown
TEXX,,unknown,unknown
TFFI,,unknown,unknown
TFGZ,,unknown,unknown
TFI,,unknown,unknown
TFLO,,unknown,unknown
TFLR,,unknown,unknown
TFNS,,unknown,unknown
TFPN,,unknown,unknown
TGLB,,unknown,unknown
TGLR,,unknown,unknown
TGRT,,unknown,unknown
TGRW,,unknown,unknown
THD,,unknown,unknown
THEQ,,unknown,unknown
THIR,,unknown,unknown
THMR,,unknown,unknown
THMZ,,unknown,unknown
THNQ,,unknown,unknown
THNR,,unknown,unknown
THRO,,unknown,unknown
THRV,,unknown,unknown
THTA,,unknown,unknown
THY,,unknown,unknown
THYF,,unknown,unknown
THYM,,unknown,unknown
THYP,,unknown,unknown
TIER,,unknown,unknown
TIIV,,unknown,unknown
TILL,,unknown,unknown
TILT,,unknown,unknown
TIME,,unknown,unknown
TINS,,unknown,unknown
TINT,,unknown,unknown
TINY,,unknown,unknown
TIP,,unknown,unknown
TIPA,,unknown,unknown
TIPB,,unknown,unknown
TIPC,,unknown,unknown
TIPD,,unknown,unknown
TIPX,,unknown,unknown
TIPZ,,unknown,unknown
TJAN,,unknown,unknown
TJUL,,unknown,unknown
TKNQ,,unknown,unknown
TKNS,,unknown,unknown
TLCI,,unknown,unknown
TLDR,,unknown,unknown
TLG,,unknown,unknown
TLH,,unknown,unknown
TLTD,,unknown,unknown
TLTE,,unknown,unknown
TLTI,,unknown,unknown
TLTP,,unknown,unknown
TLTX,,unknown,unknown
TMAT,,unknown,unknown
TMB,,unknown,unknown
TMDV,,unknown,unknown
TMED,,unknown,unknown
TMFC,,unknown,unknown
TMFG,,unknown,unknown
TMFX,,unknown,unknown
TMH,,unknown,unknown
TMLP,,unknown,unknown
TMNL,,unknown,unknown
TMNS,,unknown,unknown
TMSF,,unknown,unknown
TMYY,,unknown,unknown
TNGY,,unknown,unknown
TNUK,,unknown,unknown
TNXT,,unknown,unknown
TOAK,,unknown,unknown
TOAO,,unknown,unknown
TOCT,,unknown,unknown
TOGA,,unknown,unknown
TOK,,unknown,unknown
TOLL,,unknown,unknown
TOLZ,,unknown,unknown
TOPT,,unknown,unknown
TOS,,unknown,unknown
TOT,,unknown,unknown
TOTL,,unknown,unknown
TOTR,,unknown,unknown
TOUS,,unknown,unknown
TOV,,unknown,unknown
TOXR,,unknown,unknown
TPAY,,unknown,unknown
TPFC,,unknown,unknown
TPFG,,unknown,unknown
TPFI,,unknown,unknown
TPHD,,unknown,unknown
TPIF,,unknown,unknown
TPLS,,unknown,unknown
TPRY,,unknown,unknown
TPYP,,unknown,unknown
TPZ,,unknown,unknown
TQQY,,unknown,unknown
TRBF,,unknown,unknown
TRFK,,unknown,unknown
TRFM,,unknown,unknown
TRND,,unknown,unknown
TROT,,unknown,unknown
TRPA,,unknown,unknown
TRSY,,unknown,unknown
TRTY,,unknown,unknown
TRUC,,unknown,unknown
TRUD,,unknown,unknown
TRUF,,unknown,unknown
TRUH,,unknown,unknown
TRUI,,unknown,unknown
TRUO,,unknown,unknown
TRUT,,unknown,unknown
TSEC,,unknown,unknown
TSES,,unknown,unknown
TSIC,,unknown,unknown
TSII,,unknown,unknown
TSL,,unknown,unknown
TSLP,,unknown,unknown
TSNF,,unknown,unknown
TSOL,,unknown,unknown
TSPA,,unknown,unknown
TSPX,,unknown,unknown
TSPY,,unknown,unknown
TSRS,,unknown,unknown
TSSD,,unknown,unknown
TSUI,,unknown,unknown
TSYX,,unknown,unknown
TSYY,,unknown,unknown
TTEQ,,unknown,unknown
TTOP,,unknown,unknown
TUA,,unknown,unknown
TUG,,unknown,unknown
TUGN,,unknown,unknown
TUR,,unknown,unknown
TURF,,unknown,unknown
TVAL,,unknown,unknown
TXBC,,unknown,unknown
TXUE,,unknown,unknown
TXUG,,unknown,unknown
TXXI,,unknown,unknown
TYA,,unknown,unknown
TYLD,,unknown,unknown
TYYY,,unknown,unknown
UAE,,unknown,unknown
UBND,,unknown,unknown
UCON,,unknown,unknown
UCRD,,unknown,unknown
UDI,,unknown,unknown
UDIV,,unknown,unknown
UDN,,unknown,unknown
UEVM,,unknown,unknown
UFIV,,unknown,unknown
UFO,,unknown,unknown
UFOX,,unknown,unknown
UGA,,unknown,unknown
UITB,,unknown,unknown
UIVM,,unknown,unknown
ULTI,,unknown,unknown
ULVM,,unknown,unknown
UMI,,unknown,unknown
UMMA,,unknown,unknown
UNG,,unknown,unknown
UNIY,,unknown,unknown
UNL,,unknown,unknown
UPGD,,unknown,unknown
UPGR,,unknown,unknown
URA,,unknown,unknown
URAN,,unknown,unknown
URNJ,,unknown,unknown
URNM,,unknown,unknown
URTH,,unknown,unknown
USAF,,unknown,unknown
USAI,,unknown,unknown
USCA,,unknown,unknown
USCI,,unknown,unknown
USCL,,unknown,unknown
USDU,,unknown,unknown
USDX,,unknown,unknown
USE,,unknown,unknown
USEW,,unknown,unknown
USFE,,unknown,unknown
USFI,,unknown,unknown
USFR,,unknown,unknown
USG,,unknown,unknown
USHY,,unknown,unknown
USIG,,unknown,unknown
USIN,,unknown,unknown
USL,,unknown,unknown
USLN,,unknown,unknown
USMD,,unknown,unknown
USMF,,unknown,unknown
USMV,,unknown,unknown
USNG,,unknown,unknown
USNZ,,unknown,unknown
USO,,unknown,unknown
USOY,,unknown,unknown
USPX,,unknown,unknown
USRD,,unknown,unknown
USRT,,unknown,unknown
USSE,,unknown,unknown
USSG,,unknown,unknown
USSH,,unknown,unknown
USTB,,unknown,unknown
USVN,,unknown,unknown
USXF,,unknown,unknown
UTEN,,unknown,unknown
UTES,,unknown,unknown
UTHY,,unknown,unknown
UTRE,,unknown,unknown
UTWO,,unknown,unknown
UTWY,,unknown,unknown
UUP,,unknown,unknown
UUPP,,unknown,unknown
UX,,unknown,unknown
VABS,,unknown,unknown
VALQ,,unknown,unknown
VAMO,,unknown,unknown
VAVX,,unknown,unknown
VAW,,unknown,unknown
VBCA,,unknown,unknown
VBCB,,unknown,unknown
VBCC,,unknown,unknown
VBCD,,unknown,unknown
VBCE,,unknown,unknown
VBCF,,unknown,unknown
VBCG,,unknown,unknown
VBCH,,unknown,unknown
VBCI,,unknown,unknown
VBCJ,,unknown,unknown
VBIL,,unknown,unknown
VBNB,,unknown,unknown
VBND,,unknown,unknown
VCEB,,unknown,unknown
VCHY,,unknown,unknown
VCIT,,unknown,unknown
VCLN,,unknown,unknown
VCLT,,unknown,unknown
VCOB,,unknown,unknown
VCR,,unknown,unknown
VCRB,,unknown,unknown
VCRM,,unknown,unknown
VCSH,,unknown,unknown
VDC,,unknown,unknown
VDE,,unknown,unknown
VDG,,unknown,unknown
VDI,,unknown,unknown
VDIG,,unknown,unknown
VDV,,unknown,unknown
VEA,,unknown,unknown
VEFA,,unknown,unknown
VEGA,,unknown,unknown
VEGI,,unknown,unknown
VEGN,,unknown,unknown
VEM,,unknown,unknown
VEMY,,unknown,unknown
VERS,,unknown,unknown
VETZ,,unknown,unknown
VEU,,unknown,unknown
VEXC,,unknown,unknown
VFH,,unknown,unknown
VFLO,,unknown,unknown
VFMF,,unknown,unknown
VFMO,,unknown,unknown
VFQY,,unknown,unknown
VFVA,,unknown,unknown
VGHY,,unknown,unknown
VGIT,,unknown,unknown
VGK,,unknown,unknown
VGLT,,unknown,unknown
VGMS,,unknown,unknown
VGRO,,unknown,unknown
VGSH,,unknown,unknown
VGSR,,unknown,unknown
VGT,,unknown,unknown
VGVT,,unknown,unknown
VHT,,unknown,unknown
VICE,,unknown,unknown
VIDI,,unknown,unknown
VIG,,unknown,unknown
VIGI,,unknown,unknown
VIS,,unknown,unknown
VLU,,unknown,unknown
VLUE,,unknown,unknown
VMAX,,unknown,unknown
VMBS,,unknown,unknown
VMSB,,unknown,unknown
VNAM,,unknown,unknown
VNIE,,unknown,unknown
VNLA,,unknown,unknown
VNM,,unknown,unknown
VNQ,,unknown,unknown
VNQI,,unknown,unknown
VNSE,,unknown,unknown
VOLT,,unknown,unknown
VONE,,unknown,unknown
VONG,,unknown,unknown
VONV,,unknown,unknown
VOOG,,unknown,unknown
VOOV,,unknown,unknown
VOTE,,unknown,unknown
VOX,,unknown,unknown
VOXP,,unknown,unknown
VPC,,unknown,unknown
VPL,,unknown,unknown
VPLS,,unknown,unknown
VPU,,unknown,unknown
VPX,,unknown,unknown
VRAI,,unknown,unknown
VRIG,,unknown,unknown
VRP,,unknown,unknown
VSDA,,unknown,unknown
VSDB,,unknown,unknown
VSDM,,unknown,unknown
VSGX,,unknown,unknown
VSHY,,unknown,unknown
VSOL,,unknown,unknown
VSS,,unknown,unknown
VT,,unknown,unknown
VTC,,unknown,unknown
VTEB,,unknown,unknown
VTEC,,unknown,unknown
VTEI,,unknown,unknown
VTEL,,unknown,unknown
VTES,,unknown,unknown
VTG,,unknown,unknown
VTHR,,unknown,unknown
VTIP,,unknown,unknown
VTP,,unknown,unknown
VTV,,unknown,unknown
VTWG,,unknown,unknown
VTWO,,unknown,unknown
VTWV,,unknown,unknown
VUG,,unknown,unknown
VUS,,unknown,unknown
VUSE,,unknown,unknown
VUSG,,unknown,unknown
VUSV,,unknown,unknown
VWO,,unknown,unknown
VWOB,,unknown,unknown
VXF,,unknown,unknown
VXUS,,unknown,unknown
VYM,,unknown,unknown
VYMI,,unknown,unknown
WABF,,unknown,unknown
WAGN,,unknown,unknown
WAMA,,unknown,unknown
WAR,,unknown,unknown
WARP,,unknown,unknown
WATS,,unknown,unknown
WBIF,,unknown,unknown
WBIG,,unknown,unknown
WBIL,,unknown,unknown
WBIY,,unknown,unknown
WCBR,,unknown,unknown
WCEO,,unknown,unknown
WCLD,,unknown,unknown
WCME,,unknown,unknown
WCMG,,unknown,unknown
WCMI,,unknown,unknown
WCPB,,unknown,unknown
WDAF,,unknown,unknown
WDAI,,unknown,unknown
WDE,,unknown,unknown
WDEF,,unknown,unknown
WDGF,,unknown,unknown
WDIG,,unknown,unknown
WDIV,,unknown,unknown
WDNA,,unknown,unknown
WDRN,,unknown,unknown
WDTE,,unknown,unknown
WEAT,,unknown,unknown
WEED,,unknown,unknown
WEEI,,unknown,unknown
WEEK,,unknown,unknown
WEEL,,unknown,unknown
WELD,,unknown,unknown
WEPN,,unknown,unknown
WGMI,,unknown,unknown
WIMA,,unknown,unknown
WINN,,unknown,unknown
WIP,,unknown,unknown
WISE,,unknown,unknown
WLDR,,unknown,unknown
WLTG,,unknown,unknown
WMSB,,unknown,unknown
WMTI,,unknown,unknown
WNDR,,unknown,unknown
WOMN,,unknown,unknown
WOOD,,unknown,unknown
WQTM,,unknown,unknown
WR,,unknown,unknown
WRND,,unknown,unknown
WRTH,,unknown,unknown
WSDB,,unknown,unknown
WSGE,,unknown,unknown
WTAI,,unknown,unknown
WTBN,,unknown,unknown
WTIB,,unknown,unknown
WTIP,,unknown,unknown
WTLS,,unknown,unknown
WTMF,,unknown,unknown
WTMU,,unknown,unknown
WTMY,,unknown,unknown
WTRE,,unknown,unknown
WTV,,unknown,unknown
WUGI,,unknown,unknown
WWJD,,unknown,unknown
WZRD,,unknown,unknown
XA,,unknown,unknown
XAGG,,unknown,unknown
XAIX,,unknown,unknown
XAR,,unknown,unknown
XB,,unknown,unknown
XBB,,unknown,unknown
XBCI,,unknown,unknown
XBI,,unknown,unknown
XBIL,,unknown,unknown
XBTY,,unknown,unknown
XC,,unknown,unknown
XCCC,,unknown,unknown
XCEM,,unknown,unknown
XCHG,,unknown,unknown
XCLR,,unknown,unknown
XCNY,,unknown,unknown
XCOR,,unknown,unknown
XDAT,,unknown,unknown
XDEF,,unknown,unknown
XDIV,,unknown,unknown
XEMD,,unknown,unknown
XEML,,unknown,unknown
XES,,unknown,unknown
XEY,,unknown,unknown
XFIV,,unknown,unknown
XFLX,,unknown,unknown
XHB,,unknown,unknown
XHE,,unknown,unknown
XHLF,,unknown,unknown
XHS,,unknown,unknown
XIDV,,unknown,unknown
XIGV,,unknown,unknown
XITK,,unknown,unknown
XLB,,unknown,unknown
XLC,,unknown,unknown
XLG,,unknown,unknown
XLI,,unknown,unknown
XLP,,unknown,unknown
XLRE,,unknown,unknown
XLSR,,unknown,unknown
XLU,,unknown,unknown
XLY,,unknown,unknown
XME,,unknown,unknown
XMPT,,unknown,unknown
XNAV,,unknown,unknown
XNTK,,unknown,unknown
XOEF,,unknown,unknown
XOEX,,unknown,unknown
XONE,,unknown,unknown
XOP,,unknown,unknown
XOVR,,unknown,unknown
XPAY,,unknown,unknown
XPH,,unknown,unknown
XPND,,unknown,unknown
XQQI,,unknown,unknown
XRLX,,unknown,unknown
XRMI,,unknown,unknown
XRP,,unknown,unknown
XRPC,,unknown,unknown
XRPM,,unknown,unknown
XRPR,,unknown,unknown
XRPZ,,unknown,unknown
XRT,,unknown,unknown
XSD,,unknown,unknown
XSHP,,unknown,unknown
XSOE,,unknown,unknown
XSPC,,unknown,unknown
XSPI,,unknown,unknown
XSVN,,unknown,unknown
XSW,,unknown,unknown
XT,,unknown,unknown
XTEN,,unknown,unknown
XTL,,unknown,unknown
XTN,,unknown,unknown
XTR,,unknown,unknown
XTRE,,unknown,unknown
XTWO,,unknown,unknown
XTWY,,unknown,unknown
XUDV,,unknown,unknown
XV,,unknown,unknown
XVV,,unknown,unknown
XXV,,unknown,unknown
XXX,,unknown,unknown
YALL,,unknown,unknown
YBMN,,unknown,unknown
YBTY,,unknown,unknown
YCLO,,unknown,unknown
YFFI,,unknown,unknown
YGLD,,unknown,unknown
YLD,,unknown,unknown
YLDE,,unknown,unknown
YLDW,,unknown,unknown
YNOT,,unknown,unknown
YOKE,,unknown,unknown
YOLO,,unknown,unknown
YSPY,,unknown,unknown
YUNG,,unknown,unknown
YXI,,unknown,unknown
YYY,,unknown,unknown
YYYM,,unknown,unknown
ZAP,,unknown,unknown
ZAPR,,unknown,unknown
ZAUG,,unknown,unknown
ZCBA,,unknown,unknown
ZCBB,,unknown,unknown
ZCBC,,unknown,unknown
ZCBE,,unknown,unknown
ZCBF,,unknown,unknown
ZCBG,,unknown,unknown
ZDEK,,unknown,unknown
ZECP,,unknown,unknown
ZFEB,,unknown,unknown
ZHDG,,unknown,unknown
ZHOG,,unknown,unknown
ZIG,,unknown,unknown
ZINC,,unknown,unknown
ZJAN,,unknown,unknown
ZJUL,,unknown,unknown
ZJUN,,unknown,unknown
ZMAR,,unknown,unknown
ZMAY,,unknown,unknown
ZNOV,,unknown,unknown
ZOCT,,unknown,unknown
ZROZ,,unknown,unknown
ZSB,,unknown,unknown
ZSC,,unknown,unknown
ZSEP,,unknown,unknown
ZTAX,,unknown,unknown
ZTEN,,unknown,unknown
ZTOP,,unknown,unknown
ZTRE,,unknown,unknown
ZTWO,,unknown,unknown
