strategy_key,strategy_label,signal_key,entry_key,exit_key,skip_reason,skipped
score_bo_l10_rm002_erp005__breakout_5d_after_signal__chandelier20_2_5atr,Score BO L10 R20>=-0.02 ER20>=0.05 / 5D breakout after signal / Chandelier20 2.5ATR,score_bo_l10_rm002_erp005,breakout_5d_after_signal,chandelier20_2_5atr,entry_open_at_or_below_initial_stop,34
score_bo_l10_rm002_erp005__breakout_5d_after_signal__low10,Score BO L10 R20>=-0.02 ER20>=0.05 / 5D breakout after signal / Low10 trailing,score_bo_l10_rm002_erp005,breakout_5d_after_signal,low10,entry_open_at_or_below_initial_stop,1
score_bo_l10_rm002_erp005__breakout_5d_after_signal__low20,Score BO L10 R20>=-0.02 ER20>=0.05 / 5D breakout after signal / Low20 trailing,score_bo_l10_rm002_erp005,breakout_5d_after_signal,low20,entry_open_at_or_below_initial_stop,1
score_bo_l10_rm002_erp005__breakout_5d_after_signal__ma50,Score BO L10 R20>=-0.02 ER20>=0.05 / 5D breakout after signal / MA50 trailing,score_bo_l10_rm002_erp005,breakout_5d_after_signal,ma50,entry_open_at_or_below_initial_stop,20
score_bo_l10_rm002_erp005__first_signal__chandelier20_2_5atr,Score BO L10 R20>=-0.02 ER20>=0.05 / First signal / Chandelier20 2.5ATR,score_bo_l10_rm002_erp005,first_signal,chandelier20_2_5atr,entry_open_at_or_below_initial_stop,666
score_bo_l10_rm002_erp005__first_signal__low10,Score BO L10 R20>=-0.02 ER20>=0.05 / First signal / Low10 trailing,score_bo_l10_rm002_erp005,first_signal,low10,entry_open_at_or_below_initial_stop,51
score_bo_l10_rm002_erp005__first_signal__low20,Score BO L10 R20>=-0.02 ER20>=0.05 / First signal / Low20 trailing,score_bo_l10_rm002_erp005,first_signal,low20,entry_open_at_or_below_initial_stop,9
score_bo_l10_rm002_erp005__first_signal__low20_minus_0_5atr,Score BO L10 R20>=-0.02 ER20>=0.05 / First signal / Low20 - 0.5ATR trailing,score_bo_l10_rm002_erp005,first_signal,low20_minus_0_5atr,entry_open_at_or_below_initial_stop,5
score_bo_l10_rm002_erp005__first_signal__ma50,Score BO L10 R20>=-0.02 ER20>=0.05 / First signal / MA50 trailing,score_bo_l10_rm002_erp005,first_signal,ma50,entry_open_at_or_below_initial_stop,367
score_bo_l10_rm002_erp005__signal_2d_confirm__chandelier20_2_5atr,Score BO L10 R20>=-0.02 ER20>=0.05 / Signal 2D confirm / Chandelier20 2.5ATR,score_bo_l10_rm002_erp005,signal_2d_confirm,chandelier20_2_5atr,entry_open_at_or_below_initial_stop,252
score_bo_l10_rm002_erp005__signal_2d_confirm__low10,Score BO L10 R20>=-0.02 ER20>=0.05 / Signal 2D confirm / Low10 trailing,score_bo_l10_rm002_erp005,signal_2d_confirm,low10,entry_open_at_or_below_initial_stop,41
score_bo_l10_rm002_erp005__signal_2d_confirm__ma50,Score BO L10 R20>=-0.02 ER20>=0.05 / Signal 2D confirm / MA50 trailing,score_bo_l10_rm002_erp005,signal_2d_confirm,ma50,entry_open_at_or_below_initial_stop,105
score_bo_l10_rm002_erp005__signal_3d_confirm__chandelier20_2_5atr,Score BO L10 R20>=-0.02 ER20>=0.05 / Signal 3D confirm / Chandelier20 2.5ATR,score_bo_l10_rm002_erp005,signal_3d_confirm,chandelier20_2_5atr,entry_open_at_or_below_initial_stop,101
score_bo_l10_rm002_erp005__signal_3d_confirm__low10,Score BO L10 R20>=-0.02 ER20>=0.05 / Signal 3D confirm / Low10 trailing,score_bo_l10_rm002_erp005,signal_3d_confirm,low10,entry_open_at_or_below_initial_stop,24
score_bo_l10_rm002_erp005__signal_3d_confirm__low20,Score BO L10 R20>=-0.02 ER20>=0.05 / Signal 3D confirm / Low20 trailing,score_bo_l10_rm002_erp005,signal_3d_confirm,low20,entry_open_at_or_below_initial_stop,1
score_bo_l10_rm002_erp005__signal_3d_confirm__low20_minus_0_5atr,Score BO L10 R20>=-0.02 ER20>=0.05 / Signal 3D confirm / Low20 - 0.5ATR trailing,score_bo_l10_rm002_erp005,signal_3d_confirm,low20_minus_0_5atr,entry_open_at_or_below_initial_stop,1
score_bo_l10_rm002_erp005__signal_3d_confirm__ma50,Score BO L10 R20>=-0.02 ER20>=0.05 / Signal 3D confirm / MA50 trailing,score_bo_l10_rm002_erp005,signal_3d_confirm,ma50,entry_open_at_or_below_initial_stop,27
score_bo_l10_rm002_erp010__breakout_5d_after_signal__chandelier20_2_5atr,Score BO L10 R20>=-0.02 ER20>=0.10 / 5D breakout after signal / Chandelier20 2.5ATR,score_bo_l10_rm002_erp010,breakout_5d_after_signal,chandelier20_2_5atr,entry_open_at_or_below_initial_stop,26
score_bo_l10_rm002_erp010__breakout_5d_after_signal__ma50,Score BO L10 R20>=-0.02 ER20>=0.10 / 5D breakout after signal / MA50 trailing,score_bo_l10_rm002_erp010,breakout_5d_after_signal,ma50,entry_open_at_or_below_initial_stop,12
score_bo_l10_rm002_erp010__first_signal__chandelier20_2_5atr,Score BO L10 R20>=-0.02 ER20>=0.10 / First signal / Chandelier20 2.5ATR,score_bo_l10_rm002_erp010,first_signal,chandelier20_2_5atr,entry_open_at_or_below_initial_stop,494
score_bo_l10_rm002_erp010__first_signal__low10,Score BO L10 R20>=-0.02 ER20>=0.10 / First signal / Low10 trailing,score_bo_l10_rm002_erp010,first_signal,low10,entry_open_at_or_below_initial_stop,38
score_bo_l10_rm002_erp010__first_signal__low20,Score BO L10 R20>=-0.02 ER20>=0.10 / First signal / Low20 trailing,score_bo_l10_rm002_erp010,first_signal,low20,entry_open_at_or_below_initial_stop,7
score_bo_l10_rm002_erp010__first_signal__low20_minus_0_5atr,Score BO L10 R20>=-0.02 ER20>=0.10 / First signal / Low20 - 0.5ATR trailing,score_bo_l10_rm002_erp010,first_signal,low20_minus_0_5atr,entry_open_at_or_below_initial_stop,5
score_bo_l10_rm002_erp010__first_signal__ma50,Score BO L10 R20>=-0.02 ER20>=0.10 / First signal / MA50 trailing,score_bo_l10_rm002_erp010,first_signal,ma50,entry_open_at_or_below_initial_stop,253
score_bo_l10_rm002_erp010__signal_2d_confirm__chandelier20_2_5atr,Score BO L10 R20>=-0.02 ER20>=0.10 / Signal 2D confirm / Chandelier20 2.5ATR,score_bo_l10_rm002_erp010,signal_2d_confirm,chandelier20_2_5atr,entry_open_at_or_below_initial_stop,190
score_bo_l10_rm002_erp010__signal_2d_confirm__low10,Score BO L10 R20>=-0.02 ER20>=0.10 / Signal 2D confirm / Low10 trailing,score_bo_l10_rm002_erp010,signal_2d_confirm,low10,entry_open_at_or_below_initial_stop,39
score_bo_l10_rm002_erp010__signal_2d_confirm__ma50,Score BO L10 R20>=-0.02 ER20>=0.10 / Signal 2D confirm / MA50 trailing,score_bo_l10_rm002_erp010,signal_2d_confirm,ma50,entry_open_at_or_below_initial_stop,75
score_bo_l10_rm002_erp010__signal_3d_confirm__chandelier20_2_5atr,Score BO L10 R20>=-0.02 ER20>=0.10 / Signal 3D confirm / Chandelier20 2.5ATR,score_bo_l10_rm002_erp010,signal_3d_confirm,chandelier20_2_5atr,entry_open_at_or_below_initial_stop,66
score_bo_l10_rm002_erp010__signal_3d_confirm__low10,Score BO L10 R20>=-0.02 ER20>=0.10 / Signal 3D confirm / Low10 trailing,score_bo_l10_rm002_erp010,signal_3d_confirm,low10,entry_open_at_or_below_initial_stop,10
score_bo_l10_rm002_erp010__signal_3d_confirm__low20,Score BO L10 R20>=-0.02 ER20>=0.10 / Signal 3D confirm / Low20 trailing,score_bo_l10_rm002_erp010,signal_3d_confirm,low20,entry_open_at_or_below_initial_stop,1
score_bo_l10_rm002_erp010__signal_3d_confirm__low20_minus_0_5atr,Score BO L10 R20>=-0.02 ER20>=0.10 / Signal 3D confirm / Low20 - 0.5ATR trailing,score_bo_l10_rm002_erp010,signal_3d_confirm,low20_minus_0_5atr,entry_open_at_or_below_initial_stop,1
score_bo_l10_rm002_erp010__signal_3d_confirm__ma50,Score BO L10 R20>=-0.02 ER20>=0.10 / Signal 3D confirm / MA50 trailing,score_bo_l10_rm002_erp010,signal_3d_confirm,ma50,entry_open_at_or_below_initial_stop,21
score_bo_l10_rm002_erp015__breakout_5d_after_signal__chandelier20_2_5atr,Score BO L10 R20>=-0.02 ER20>=0.15 / 5D breakout after signal / Chandelier20 2.5ATR,score_bo_l10_rm002_erp015,breakout_5d_after_signal,chandelier20_2_5atr,entry_open_at_or_below_initial_stop,17
score_bo_l10_rm002_erp015__breakout_5d_after_signal__ma50,Score BO L10 R20>=-0.02 ER20>=0.15 / 5D breakout after signal / MA50 trailing,score_bo_l10_rm002_erp015,breakout_5d_after_signal,ma50,entry_open_at_or_below_initial_stop,10
score_bo_l10_rm002_erp015__first_signal__chandelier20_2_5atr,Score BO L10 R20>=-0.02 ER20>=0.15 / First signal / Chandelier20 2.5ATR,score_bo_l10_rm002_erp015,first_signal,chandelier20_2_5atr,entry_open_at_or_below_initial_stop,389
score_bo_l10_rm002_erp015__first_signal__low10,Score BO L10 R20>=-0.02 ER20>=0.15 / First signal / Low10 trailing,score_bo_l10_rm002_erp015,first_signal,low10,entry_open_at_or_below_initial_stop,29
score_bo_l10_rm002_erp015__first_signal__low20,Score BO L10 R20>=-0.02 ER20>=0.15 / First signal / Low20 trailing,score_bo_l10_rm002_erp015,first_signal,low20,entry_open_at_or_below_initial_stop,2
score_bo_l10_rm002_erp015__first_signal__ma50,Score BO L10 R20>=-0.02 ER20>=0.15 / First signal / MA50 trailing,score_bo_l10_rm002_erp015,first_signal,ma50,entry_open_at_or_below_initial_stop,167
score_bo_l10_rm002_erp015__signal_2d_confirm__chandelier20_2_5atr,Score BO L10 R20>=-0.02 ER20>=0.15 / Signal 2D confirm / Chandelier20 2.5ATR,score_bo_l10_rm002_erp015,signal_2d_confirm,chandelier20_2_5atr,entry_open_at_or_below_initial_stop,134
score_bo_l10_rm002_erp015__signal_2d_confirm__low10,Score BO L10 R20>=-0.02 ER20>=0.15 / Signal 2D confirm / Low10 trailing,score_bo_l10_rm002_erp015,signal_2d_confirm,low10,entry_open_at_or_below_initial_stop,24
score_bo_l10_rm002_erp015__signal_2d_confirm__ma50,Score BO L10 R20>=-0.02 ER20>=0.15 / Signal 2D confirm / MA50 trailing,score_bo_l10_rm002_erp015,signal_2d_confirm,ma50,entry_open_at_or_below_initial_stop,55
score_bo_l10_rm002_erp015__signal_3d_confirm__chandelier20_2_5atr,Score BO L10 R20>=-0.02 ER20>=0.15 / Signal 3D confirm / Chandelier20 2.5ATR,score_bo_l10_rm002_erp015,signal_3d_confirm,chandelier20_2_5atr,entry_open_at_or_below_initial_stop,37
score_bo_l10_rm002_erp015__signal_3d_confirm__low10,Score BO L10 R20>=-0.02 ER20>=0.15 / Signal 3D confirm / Low10 trailing,score_bo_l10_rm002_erp015,signal_3d_confirm,low10,entry_open_at_or_below_initial_stop,6
score_bo_l10_rm002_erp015__signal_3d_confirm__low20,Score BO L10 R20>=-0.02 ER20>=0.15 / Signal 3D confirm / Low20 trailing,score_bo_l10_rm002_erp015,signal_3d_confirm,low20,entry_open_at_or_below_initial_stop,1
score_bo_l10_rm002_erp015__signal_3d_confirm__low20_minus_0_5atr,Score BO L10 R20>=-0.02 ER20>=0.15 / Signal 3D confirm / Low20 - 0.5ATR trailing,score_bo_l10_rm002_erp015,signal_3d_confirm,low20_minus_0_5atr,entry_open_at_or_below_initial_stop,1
score_bo_l10_rm002_erp015__signal_3d_confirm__ma50,Score BO L10 R20>=-0.02 ER20>=0.15 / Signal 3D confirm / MA50 trailing,score_bo_l10_rm002_erp015,signal_3d_confirm,ma50,entry_open_at_or_below_initial_stop,10
score_bo_l10_rp000_erp005__breakout_5d_after_signal__chandelier20_2_5atr,Score BO L10 R20>=0.00 ER20>=0.05 / 5D breakout after signal / Chandelier20 2.5ATR,score_bo_l10_rp000_erp005,breakout_5d_after_signal,chandelier20_2_5atr,entry_open_at_or_below_initial_stop,34
score_bo_l10_rp000_erp005__breakout_5d_after_signal__low10,Score BO L10 R20>=0.00 ER20>=0.05 / 5D breakout after signal / Low10 trailing,score_bo_l10_rp000_erp005,breakout_5d_after_signal,low10,entry_open_at_or_below_initial_stop,1
score_bo_l10_rp000_erp005__breakout_5d_after_signal__low20,Score BO L10 R20>=0.00 ER20>=0.05 / 5D breakout after signal / Low20 trailing,score_bo_l10_rp000_erp005,breakout_5d_after_signal,low20,entry_open_at_or_below_initial_stop,1
score_bo_l10_rp000_erp005__breakout_5d_after_signal__ma50,Score BO L10 R20>=0.00 ER20>=0.05 / 5D breakout after signal / MA50 trailing,score_bo_l10_rp000_erp005,breakout_5d_after_signal,ma50,entry_open_at_or_below_initial_stop,20
score_bo_l10_rp000_erp005__first_signal__chandelier20_2_5atr,Score BO L10 R20>=0.00 ER20>=0.05 / First signal / Chandelier20 2.5ATR,score_bo_l10_rp000_erp005,first_signal,chandelier20_2_5atr,entry_open_at_or_below_initial_stop,666
score_bo_l10_rp000_erp005__first_signal__low10,Score BO L10 R20>=0.00 ER20>=0.05 / First signal / Low10 trailing,score_bo_l10_rp000_erp005,first_signal,low10,entry_open_at_or_below_initial_stop,51
score_bo_l10_rp000_erp005__first_signal__low20,Score BO L10 R20>=0.00 ER20>=0.05 / First signal / Low20 trailing,score_bo_l10_rp000_erp005,first_signal,low20,entry_open_at_or_below_initial_stop,9
score_bo_l10_rp000_erp005__first_signal__low20_minus_0_5atr,Score BO L10 R20>=0.00 ER20>=0.05 / First signal / Low20 - 0.5ATR trailing,score_bo_l10_rp000_erp005,first_signal,low20_minus_0_5atr,entry_open_at_or_below_initial_stop,5
score_bo_l10_rp000_erp005__first_signal__ma50,Score BO L10 R20>=0.00 ER20>=0.05 / First signal / MA50 trailing,score_bo_l10_rp000_erp005,first_signal,ma50,entry_open_at_or_below_initial_stop,367
score_bo_l10_rp000_erp005__signal_2d_confirm__chandelier20_2_5atr,Score BO L10 R20>=0.00 ER20>=0.05 / Signal 2D confirm / Chandelier20 2.5ATR,score_bo_l10_rp000_erp005,signal_2d_confirm,chandelier20_2_5atr,entry_open_at_or_below_initial_stop,252
score_bo_l10_rp000_erp005__signal_2d_confirm__low10,Score BO L10 R20>=0.00 ER20>=0.05 / Signal 2D confirm / Low10 trailing,score_bo_l10_rp000_erp005,signal_2d_confirm,low10,entry_open_at_or_below_initial_stop,41
score_bo_l10_rp000_erp005__signal_2d_confirm__ma50,Score BO L10 R20>=0.00 ER20>=0.05 / Signal 2D confirm / MA50 trailing,score_bo_l10_rp000_erp005,signal_2d_confirm,ma50,entry_open_at_or_below_initial_stop,105
score_bo_l10_rp000_erp005__signal_3d_confirm__chandelier20_2_5atr,Score BO L10 R20>=0.00 ER20>=0.05 / Signal 3D confirm / Chandelier20 2.5ATR,score_bo_l10_rp000_erp005,signal_3d_confirm,chandelier20_2_5atr,entry_open_at_or_below_initial_stop,101
score_bo_l10_rp000_erp005__signal_3d_confirm__low10,Score BO L10 R20>=0.00 ER20>=0.05 / Signal 3D confirm / Low10 trailing,score_bo_l10_rp000_erp005,signal_3d_confirm,low10,entry_open_at_or_below_initial_stop,24
score_bo_l10_rp000_erp005__signal_3d_confirm__low20,Score BO L10 R20>=0.00 ER20>=0.05 / Signal 3D confirm / Low20 trailing,score_bo_l10_rp000_erp005,signal_3d_confirm,low20,entry_open_at_or_below_initial_stop,1
score_bo_l10_rp000_erp005__signal_3d_confirm__low20_minus_0_5atr,Score BO L10 R20>=0.00 ER20>=0.05 / Signal 3D confirm / Low20 - 0.5ATR trailing,score_bo_l10_rp000_erp005,signal_3d_confirm,low20_minus_0_5atr,entry_open_at_or_below_initial_stop,1
score_bo_l10_rp000_erp005__signal_3d_confirm__ma50,Score BO L10 R20>=0.00 ER20>=0.05 / Signal 3D confirm / MA50 trailing,score_bo_l10_rp000_erp005,signal_3d_confirm,ma50,entry_open_at_or_below_initial_stop,27
score_bo_l10_rp000_erp010__breakout_5d_after_signal__chandelier20_2_5atr,Score BO L10 R20>=0.00 ER20>=0.10 / 5D breakout after signal / Chandelier20 2.5ATR,score_bo_l10_rp000_erp010,breakout_5d_after_signal,chandelier20_2_5atr,entry_open_at_or_below_initial_stop,26
score_bo_l10_rp000_erp010__breakout_5d_after_signal__ma50,Score BO L10 R20>=0.00 ER20>=0.10 / 5D breakout after signal / MA50 trailing,score_bo_l10_rp000_erp010,breakout_5d_after_signal,ma50,entry_open_at_or_below_initial_stop,12
score_bo_l10_rp000_erp010__first_signal__chandelier20_2_5atr,Score BO L10 R20>=0.00 ER20>=0.10 / First signal / Chandelier20 2.5ATR,score_bo_l10_rp000_erp010,first_signal,chandelier20_2_5atr,entry_open_at_or_below_initial_stop,494
score_bo_l10_rp000_erp010__first_signal__low10,Score BO L10 R20>=0.00 ER20>=0.10 / First signal / Low10 trailing,score_bo_l10_rp000_erp010,first_signal,low10,entry_open_at_or_below_initial_stop,38
score_bo_l10_rp000_erp010__first_signal__low20,Score BO L10 R20>=0.00 ER20>=0.10 / First signal / Low20 trailing,score_bo_l10_rp000_erp010,first_signal,low20,entry_open_at_or_below_initial_stop,7
score_bo_l10_rp000_erp010__first_signal__low20_minus_0_5atr,Score BO L10 R20>=0.00 ER20>=0.10 / First signal / Low20 - 0.5ATR trailing,score_bo_l10_rp000_erp010,first_signal,low20_minus_0_5atr,entry_open_at_or_below_initial_stop,5
score_bo_l10_rp000_erp010__first_signal__ma50,Score BO L10 R20>=0.00 ER20>=0.10 / First signal / MA50 trailing,score_bo_l10_rp000_erp010,first_signal,ma50,entry_open_at_or_below_initial_stop,253
score_bo_l10_rp000_erp010__signal_2d_confirm__chandelier20_2_5atr,Score BO L10 R20>=0.00 ER20>=0.10 / Signal 2D confirm / Chandelier20 2.5ATR,score_bo_l10_rp000_erp010,signal_2d_confirm,chandelier20_2_5atr,entry_open_at_or_below_initial_stop,190
score_bo_l10_rp000_erp010__signal_2d_confirm__low10,Score BO L10 R20>=0.00 ER20>=0.10 / Signal 2D confirm / Low10 trailing,score_bo_l10_rp000_erp010,signal_2d_confirm,low10,entry_open_at_or_below_initial_stop,39
score_bo_l10_rp000_erp010__signal_2d_confirm__ma50,Score BO L10 R20>=0.00 ER20>=0.10 / Signal 2D confirm / MA50 trailing,score_bo_l10_rp000_erp010,signal_2d_confirm,ma50,entry_open_at_or_below_initial_stop,75
score_bo_l10_rp000_erp010__signal_3d_confirm__chandelier20_2_5atr,Score BO L10 R20>=0.00 ER20>=0.10 / Signal 3D confirm / Chandelier20 2.5ATR,score_bo_l10_rp000_erp010,signal_3d_confirm,chandelier20_2_5atr,entry_open_at_or_below_initial_stop,66
score_bo_l10_rp000_erp010__signal_3d_confirm__low10,Score BO L10 R20>=0.00 ER20>=0.10 / Signal 3D confirm / Low10 trailing,score_bo_l10_rp000_erp010,signal_3d_confirm,low10,entry_open_at_or_below_initial_stop,10
score_bo_l10_rp000_erp010__signal_3d_confirm__low20,Score BO L10 R20>=0.00 ER20>=0.10 / Signal 3D confirm / Low20 trailing,score_bo_l10_rp000_erp010,signal_3d_confirm,low20,entry_open_at_or_below_initial_stop,1
score_bo_l10_rp000_erp010__signal_3d_confirm__low20_minus_0_5atr,Score BO L10 R20>=0.00 ER20>=0.10 / Signal 3D confirm / Low20 - 0.5ATR trailing,score_bo_l10_rp000_erp010,signal_3d_confirm,low20_minus_0_5atr,entry_open_at_or_below_initial_stop,1
score_bo_l10_rp000_erp010__signal_3d_confirm__ma50,Score BO L10 R20>=0.00 ER20>=0.10 / Signal 3D confirm / MA50 trailing,score_bo_l10_rp000_erp010,signal_3d_confirm,ma50,entry_open_at_or_below_initial_stop,21
score_bo_l10_rp000_erp015__breakout_5d_after_signal__chandelier20_2_5atr,Score BO L10 R20>=0.00 ER20>=0.15 / 5D breakout after signal / Chandelier20 2.5ATR,score_bo_l10_rp000_erp015,breakout_5d_after_signal,chandelier20_2_5atr,entry_open_at_or_below_initial_stop,17
score_bo_l10_rp000_erp015__breakout_5d_after_signal__ma50,Score BO L10 R20>=0.00 ER20>=0.15 / 5D breakout after signal / MA50 trailing,score_bo_l10_rp000_erp015,breakout_5d_after_signal,ma50,entry_open_at_or_below_initial_stop,10
score_bo_l10_rp000_erp015__first_signal__chandelier20_2_5atr,Score BO L10 R20>=0.00 ER20>=0.15 / First signal / Chandelier20 2.5ATR,score_bo_l10_rp000_erp015,first_signal,chandelier20_2_5atr,entry_open_at_or_below_initial_stop,389
score_bo_l10_rp000_erp015__first_signal__low10,Score BO L10 R20>=0.00 ER20>=0.15 / First signal / Low10 trailing,score_bo_l10_rp000_erp015,first_signal,low10,entry_open_at_or_below_initial_stop,29
score_bo_l10_rp000_erp015__first_signal__low20,Score BO L10 R20>=0.00 ER20>=0.15 / First signal / Low20 trailing,score_bo_l10_rp000_erp015,first_signal,low20,entry_open_at_or_below_initial_stop,2
score_bo_l10_rp000_erp015__first_signal__ma50,Score BO L10 R20>=0.00 ER20>=0.15 / First signal / MA50 trailing,score_bo_l10_rp000_erp015,first_signal,ma50,entry_open_at_or_below_initial_stop,167
score_bo_l10_rp000_erp015__signal_2d_confirm__chandelier20_2_5atr,Score BO L10 R20>=0.00 ER20>=0.15 / Signal 2D confirm / Chandelier20 2.5ATR,score_bo_l10_rp000_erp015,signal_2d_confirm,chandelier20_2_5atr,entry_open_at_or_below_initial_stop,134
score_bo_l10_rp000_erp015__signal_2d_confirm__low10,Score BO L10 R20>=0.00 ER20>=0.15 / Signal 2D confirm / Low10 trailing,score_bo_l10_rp000_erp015,signal_2d_confirm,low10,entry_open_at_or_below_initial_stop,24
score_bo_l10_rp000_erp015__signal_2d_confirm__ma50,Score BO L10 R20>=0.00 ER20>=0.15 / Signal 2D confirm / MA50 trailing,score_bo_l10_rp000_erp015,signal_2d_confirm,ma50,entry_open_at_or_below_initial_stop,55
score_bo_l10_rp000_erp015__signal_3d_confirm__chandelier20_2_5atr,Score BO L10 R20>=0.00 ER20>=0.15 / Signal 3D confirm / Chandelier20 2.5ATR,score_bo_l10_rp000_erp015,signal_3d_confirm,chandelier20_2_5atr,entry_open_at_or_below_initial_stop,37
score_bo_l10_rp000_erp015__signal_3d_confirm__low10,Score BO L10 R20>=0.00 ER20>=0.15 / Signal 3D confirm / Low10 trailing,score_bo_l10_rp000_erp015,signal_3d_confirm,low10,entry_open_at_or_below_initial_stop,6
score_bo_l10_rp000_erp015__signal_3d_confirm__low20,Score BO L10 R20>=0.00 ER20>=0.15 / Signal 3D confirm / Low20 trailing,score_bo_l10_rp000_erp015,signal_3d_confirm,low20,entry_open_at_or_below_initial_stop,1
score_bo_l10_rp000_erp015__signal_3d_confirm__low20_minus_0_5atr,Score BO L10 R20>=0.00 ER20>=0.15 / Signal 3D confirm / Low20 - 0.5ATR trailing,score_bo_l10_rp000_erp015,signal_3d_confirm,low20_minus_0_5atr,entry_open_at_or_below_initial_stop,1
score_bo_l10_rp000_erp015__signal_3d_confirm__ma50,Score BO L10 R20>=0.00 ER20>=0.15 / Signal 3D confirm / MA50 trailing,score_bo_l10_rp000_erp015,signal_3d_confirm,ma50,entry_open_at_or_below_initial_stop,10
score_bo_l10_rp002_erp005__breakout_5d_after_signal__chandelier20_2_5atr,Score BO L10 R20>=0.02 ER20>=0.05 / 5D breakout after signal / Chandelier20 2.5ATR,score_bo_l10_rp002_erp005,breakout_5d_after_signal,chandelier20_2_5atr,entry_open_at_or_below_initial_stop,7
score_bo_l10_rp002_erp005__breakout_5d_after_signal__ma50,Score BO L10 R20>=0.02 ER20>=0.05 / 5D breakout after signal / MA50 trailing,score_bo_l10_rp002_erp005,breakout_5d_after_signal,ma50,entry_open_at_or_below_initial_stop,6
score_bo_l10_rp002_erp005__first_signal__chandelier20_2_5atr,Score BO L10 R20>=0.02 ER20>=0.05 / First signal / Chandelier20 2.5ATR,score_bo_l10_rp002_erp005,first_signal,chandelier20_2_5atr,entry_open_at_or_below_initial_stop,334
score_bo_l10_rp002_erp005__first_signal__low10,Score BO L10 R20>=0.02 ER20>=0.05 / First signal / Low10 trailing,score_bo_l10_rp002_erp005,first_signal,low10,entry_open_at_or_below_initial_stop,17
score_bo_l10_rp002_erp005__first_signal__ma50,Score BO L10 R20>=0.02 ER20>=0.05 / First signal / MA50 trailing,score_bo_l10_rp002_erp005,first_signal,ma50,entry_open_at_or_below_initial_stop,155
score_bo_l10_rp002_erp005__signal_2d_confirm__chandelier20_2_5atr,Score BO L10 R20>=0.02 ER20>=0.05 / Signal 2D confirm / Chandelier20 2.5ATR,score_bo_l10_rp002_erp005,signal_2d_confirm,chandelier20_2_5atr,entry_open_at_or_below_initial_stop,92
score_bo_l10_rp002_erp005__signal_2d_confirm__low10,Score BO L10 R20>=0.02 ER20>=0.05 / Signal 2D confirm / Low10 trailing,score_bo_l10_rp002_erp005,signal_2d_confirm,low10,entry_open_at_or_below_initial_stop,21
score_bo_l10_rp002_erp005__signal_2d_confirm__ma50,Score BO L10 R20>=0.02 ER20>=0.05 / Signal 2D confirm / MA50 trailing,score_bo_l10_rp002_erp005,signal_2d_confirm,ma50,entry_open_at_or_below_initial_stop,56
score_bo_l10_rp002_erp005__signal_3d_confirm__chandelier20_2_5atr,Score BO L10 R20>=0.02 ER20>=0.05 / Signal 3D confirm / Chandelier20 2.5ATR,score_bo_l10_rp002_erp005,signal_3d_confirm,chandelier20_2_5atr,entry_open_at_or_below_initial_stop,42
score_bo_l10_rp002_erp005__signal_3d_confirm__low10,Score BO L10 R20>=0.02 ER20>=0.05 / Signal 3D confirm / Low10 trailing,score_bo_l10_rp002_erp005,signal_3d_confirm,low10,entry_open_at_or_below_initial_stop,2
score_bo_l10_rp002_erp005__signal_3d_confirm__ma50,Score BO L10 R20>=0.02 ER20>=0.05 / Signal 3D confirm / MA50 trailing,score_bo_l10_rp002_erp005,signal_3d_confirm,ma50,entry_open_at_or_below_initial_stop,11
score_bo_l10_rp002_erp010__breakout_5d_after_signal__chandelier20_2_5atr,Score BO L10 R20>=0.02 ER20>=0.10 / 5D breakout after signal / Chandelier20 2.5ATR,score_bo_l10_rp002_erp010,breakout_5d_after_signal,chandelier20_2_5atr,entry_open_at_or_below_initial_stop,6
score_bo_l10_rp002_erp010__breakout_5d_after_signal__ma50,Score BO L10 R20>=0.02 ER20>=0.10 / 5D breakout after signal / MA50 trailing,score_bo_l10_rp002_erp010,breakout_5d_after_signal,ma50,entry_open_at_or_below_initial_stop,6
score_bo_l10_rp002_erp010__first_signal__chandelier20_2_5atr,Score BO L10 R20>=0.02 ER20>=0.10 / First signal / Chandelier20 2.5ATR,score_bo_l10_rp002_erp010,first_signal,chandelier20_2_5atr,entry_open_at_or_below_initial_stop,323
score_bo_l10_rp002_erp010__first_signal__low10,Score BO L10 R20>=0.02 ER20>=0.10 / First signal / Low10 trailing,score_bo_l10_rp002_erp010,first_signal,low10,entry_open_at_or_below_initial_stop,17
score_bo_l10_rp002_erp010__first_signal__ma50,Score BO L10 R20>=0.02 ER20>=0.10 / First signal / MA50 trailing,score_bo_l10_rp002_erp010,first_signal,ma50,entry_open_at_or_below_initial_stop,145
score_bo_l10_rp002_erp010__signal_2d_confirm__chandelier20_2_5atr,Score BO L10 R20>=0.02 ER20>=0.10 / Signal 2D confirm / Chandelier20 2.5ATR,score_bo_l10_rp002_erp010,signal_2d_confirm,chandelier20_2_5atr,entry_open_at_or_below_initial_stop,87
score_bo_l10_rp002_erp010__signal_2d_confirm__low10,Score BO L10 R20>=0.02 ER20>=0.10 / Signal 2D confirm / Low10 trailing,score_bo_l10_rp002_erp010,signal_2d_confirm,low10,entry_open_at_or_below_initial_stop,21
score_bo_l10_rp002_erp010__signal_2d_confirm__ma50,Score BO L10 R20>=0.02 ER20>=0.10 / Signal 2D confirm / MA50 trailing,score_bo_l10_rp002_erp010,signal_2d_confirm,ma50,entry_open_at_or_below_initial_stop,52
score_bo_l10_rp002_erp010__signal_3d_confirm__chandelier20_2_5atr,Score BO L10 R20>=0.02 ER20>=0.10 / Signal 3D confirm / Chandelier20 2.5ATR,score_bo_l10_rp002_erp010,signal_3d_confirm,chandelier20_2_5atr,entry_open_at_or_below_initial_stop,40
score_bo_l10_rp002_erp010__signal_3d_confirm__low10,Score BO L10 R20>=0.02 ER20>=0.10 / Signal 3D confirm / Low10 trailing,score_bo_l10_rp002_erp010,signal_3d_confirm,low10,entry_open_at_or_below_initial_stop,2
score_bo_l10_rp002_erp010__signal_3d_confirm__ma50,Score BO L10 R20>=0.02 ER20>=0.10 / Signal 3D confirm / MA50 trailing,score_bo_l10_rp002_erp010,signal_3d_confirm,ma50,entry_open_at_or_below_initial_stop,10
score_bo_l10_rp002_erp015__breakout_5d_after_signal__chandelier20_2_5atr,Score BO L10 R20>=0.02 ER20>=0.15 / 5D breakout after signal / Chandelier20 2.5ATR,score_bo_l10_rp002_erp015,breakout_5d_after_signal,chandelier20_2_5atr,entry_open_at_or_below_initial_stop,5
score_bo_l10_rp002_erp015__breakout_5d_after_signal__ma50,Score BO L10 R20>=0.02 ER20>=0.15 / 5D breakout after signal / MA50 trailing,score_bo_l10_rp002_erp015,breakout_5d_after_signal,ma50,entry_open_at_or_below_initial_stop,6
score_bo_l10_rp002_erp015__first_signal__chandelier20_2_5atr,Score BO L10 R20>=0.02 ER20>=0.15 / First signal / Chandelier20 2.5ATR,score_bo_l10_rp002_erp015,first_signal,chandelier20_2_5atr,entry_open_at_or_below_initial_stop,275
score_bo_l10_rp002_erp015__first_signal__low10,Score BO L10 R20>=0.02 ER20>=0.15 / First signal / Low10 trailing,score_bo_l10_rp002_erp015,first_signal,low10,entry_open_at_or_below_initial_stop,17
score_bo_l10_rp002_erp015__first_signal__ma50,Score BO L10 R20>=0.02 ER20>=0.15 / First signal / MA50 trailing,score_bo_l10_rp002_erp015,first_signal,ma50,entry_open_at_or_below_initial_stop,116
score_bo_l10_rp002_erp015__signal_2d_confirm__chandelier20_2_5atr,Score BO L10 R20>=0.02 ER20>=0.15 / Signal 2D confirm / Chandelier20 2.5ATR,score_bo_l10_rp002_erp015,signal_2d_confirm,chandelier20_2_5atr,entry_open_at_or_below_initial_stop,73
score_bo_l10_rp002_erp015__signal_2d_confirm__low10,Score BO L10 R20>=0.02 ER20>=0.15 / Signal 2D confirm / Low10 trailing,score_bo_l10_rp002_erp015,signal_2d_confirm,low10,entry_open_at_or_below_initial_stop,17
score_bo_l10_rp002_erp015__signal_2d_confirm__ma50,Score BO L10 R20>=0.02 ER20>=0.15 / Signal 2D confirm / MA50 trailing,score_bo_l10_rp002_erp015,signal_2d_confirm,ma50,entry_open_at_or_below_initial_stop,47
score_bo_l10_rp002_erp015__signal_3d_confirm__chandelier20_2_5atr,Score BO L10 R20>=0.02 ER20>=0.15 / Signal 3D confirm / Chandelier20 2.5ATR,score_bo_l10_rp002_erp015,signal_3d_confirm,chandelier20_2_5atr,entry_open_at_or_below_initial_stop,23
score_bo_l10_rp002_erp015__signal_3d_confirm__low10,Score BO L10 R20>=0.02 ER20>=0.15 / Signal 3D confirm / Low10 trailing,score_bo_l10_rp002_erp015,signal_3d_confirm,low10,entry_open_at_or_below_initial_stop,1
score_bo_l10_rp002_erp015__signal_3d_confirm__ma50,Score BO L10 R20>=0.02 ER20>=0.15 / Signal 3D confirm / MA50 trailing,score_bo_l10_rp002_erp015,signal_3d_confirm,ma50,entry_open_at_or_below_initial_stop,6
score_bo_l20_rm002_erp005__breakout_5d_after_signal__chandelier20_2_5atr,Score BO L20 R20>=-0.02 ER20>=0.05 / 5D breakout after signal / Chandelier20 2.5ATR,score_bo_l20_rm002_erp005,breakout_5d_after_signal,chandelier20_2_5atr,entry_open_at_or_below_initial_stop,24
score_bo_l20_rm002_erp005__breakout_5d_after_signal__ma50,Score BO L20 R20>=-0.02 ER20>=0.05 / 5D breakout after signal / MA50 trailing,score_bo_l20_rm002_erp005,breakout_5d_after_signal,ma50,entry_open_at_or_below_initial_stop,2
score_bo_l20_rm002_erp005__first_signal__chandelier20_2_5atr,Score BO L20 R20>=-0.02 ER20>=0.05 / First signal / Chandelier20 2.5ATR,score_bo_l20_rm002_erp005,first_signal,chandelier20_2_5atr,entry_open_at_or_below_initial_stop,510
score_bo_l20_rm002_erp005__first_signal__low10,Score BO L20 R20>=-0.02 ER20>=0.05 / First signal / Low10 trailing,score_bo_l20_rm002_erp005,first_signal,low10,entry_open_at_or_below_initial_stop,48
score_bo_l20_rm002_erp005__first_signal__low20,Score BO L20 R20>=-0.02 ER20>=0.05 / First signal / Low20 trailing,score_bo_l20_rm002_erp005,first_signal,low20,entry_open_at_or_below_initial_stop,8
score_bo_l20_rm002_erp005__first_signal__low20_minus_0_5atr,Score BO L20 R20>=-0.02 ER20>=0.05 / First signal / Low20 - 0.5ATR trailing,score_bo_l20_rm002_erp005,first_signal,low20_minus_0_5atr,entry_open_at_or_below_initial_stop,5
score_bo_l20_rm002_erp005__first_signal__ma50,Score BO L20 R20>=-0.02 ER20>=0.05 / First signal / MA50 trailing,score_bo_l20_rm002_erp005,first_signal,ma50,entry_open_at_or_below_initial_stop,219
score_bo_l20_rm002_erp005__signal_2d_confirm__chandelier20_2_5atr,Score BO L20 R20>=-0.02 ER20>=0.05 / Signal 2D confirm / Chandelier20 2.5ATR,score_bo_l20_rm002_erp005,signal_2d_confirm,chandelier20_2_5atr,entry_open_at_or_below_initial_stop,193
score_bo_l20_rm002_erp005__signal_2d_confirm__low10,Score BO L20 R20>=-0.02 ER20>=0.05 / Signal 2D confirm / Low10 trailing,score_bo_l20_rm002_erp005,signal_2d_confirm,low10,entry_open_at_or_below_initial_stop,44
score_bo_l20_rm002_erp005__signal_2d_confirm__ma50,Score BO L20 R20>=-0.02 ER20>=0.05 / Signal 2D confirm / MA50 trailing,score_bo_l20_rm002_erp005,signal_2d_confirm,ma50,entry_open_at_or_below_initial_stop,41
score_bo_l20_rm002_erp005__signal_3d_confirm__chandelier20_2_5atr,Score BO L20 R20>=-0.02 ER20>=0.05 / Signal 3D confirm / Chandelier20 2.5ATR,score_bo_l20_rm002_erp005,signal_3d_confirm,chandelier20_2_5atr,entry_open_at_or_below_initial_stop,87
score_bo_l20_rm002_erp005__signal_3d_confirm__low10,Score BO L20 R20>=-0.02 ER20>=0.05 / Signal 3D confirm / Low10 trailing,score_bo_l20_rm002_erp005,signal_3d_confirm,low10,entry_open_at_or_below_initial_stop,24
score_bo_l20_rm002_erp005__signal_3d_confirm__low20,Score BO L20 R20>=-0.02 ER20>=0.05 / Signal 3D confirm / Low20 trailing,score_bo_l20_rm002_erp005,signal_3d_confirm,low20,entry_open_at_or_below_initial_stop,1
score_bo_l20_rm002_erp005__signal_3d_confirm__low20_minus_0_5atr,Score BO L20 R20>=-0.02 ER20>=0.05 / Signal 3D confirm / Low20 - 0.5ATR trailing,score_bo_l20_rm002_erp005,signal_3d_confirm,low20_minus_0_5atr,entry_open_at_or_below_initial_stop,1
score_bo_l20_rm002_erp005__signal_3d_confirm__ma50,Score BO L20 R20>=-0.02 ER20>=0.05 / Signal 3D confirm / MA50 trailing,score_bo_l20_rm002_erp005,signal_3d_confirm,ma50,entry_open_at_or_below_initial_stop,9
score_bo_l20_rm002_erp010__breakout_5d_after_signal__chandelier20_2_5atr,Score BO L20 R20>=-0.02 ER20>=0.10 / 5D breakout after signal / Chandelier20 2.5ATR,score_bo_l20_rm002_erp010,breakout_5d_after_signal,chandelier20_2_5atr,entry_open_at_or_below_initial_stop,20
score_bo_l20_rm002_erp010__breakout_5d_after_signal__ma50,Score BO L20 R20>=-0.02 ER20>=0.10 / 5D breakout after signal / MA50 trailing,score_bo_l20_rm002_erp010,breakout_5d_after_signal,ma50,entry_open_at_or_below_initial_stop,2
score_bo_l20_rm002_erp010__first_signal__chandelier20_2_5atr,Score BO L20 R20>=-0.02 ER20>=0.10 / First signal / Chandelier20 2.5ATR,score_bo_l20_rm002_erp010,first_signal,chandelier20_2_5atr,entry_open_at_or_below_initial_stop,403
score_bo_l20_rm002_erp010__first_signal__low10,Score BO L20 R20>=-0.02 ER20>=0.10 / First signal / Low10 trailing,score_bo_l20_rm002_erp010,first_signal,low10,entry_open_at_or_below_initial_stop,38
score_bo_l20_rm002_erp010__first_signal__low20,Score BO L20 R20>=-0.02 ER20>=0.10 / First signal / Low20 trailing,score_bo_l20_rm002_erp010,first_signal,low20,entry_open_at_or_below_initial_stop,7
score_bo_l20_rm002_erp010__first_signal__low20_minus_0_5atr,Score BO L20 R20>=-0.02 ER20>=0.10 / First signal / Low20 - 0.5ATR trailing,score_bo_l20_rm002_erp010,first_signal,low20_minus_0_5atr,entry_open_at_or_below_initial_stop,5
score_bo_l20_rm002_erp010__first_signal__ma50,Score BO L20 R20>=-0.02 ER20>=0.10 / First signal / MA50 trailing,score_bo_l20_rm002_erp010,first_signal,ma50,entry_open_at_or_below_initial_stop,169
score_bo_l20_rm002_erp010__signal_2d_confirm__chandelier20_2_5atr,Score BO L20 R20>=-0.02 ER20>=0.10 / Signal 2D confirm / Chandelier20 2.5ATR,score_bo_l20_rm002_erp010,signal_2d_confirm,chandelier20_2_5atr,entry_open_at_or_below_initial_stop,143
score_bo_l20_rm002_erp010__signal_2d_confirm__low10,Score BO L20 R20>=-0.02 ER20>=0.10 / Signal 2D confirm / Low10 trailing,score_bo_l20_rm002_erp010,signal_2d_confirm,low10,entry_open_at_or_below_initial_stop,37
score_bo_l20_rm002_erp010__signal_2d_confirm__ma50,Score BO L20 R20>=-0.02 ER20>=0.10 / Signal 2D confirm / MA50 trailing,score_bo_l20_rm002_erp010,signal_2d_confirm,ma50,entry_open_at_or_below_initial_stop,29
score_bo_l20_rm002_erp010__signal_3d_confirm__chandelier20_2_5atr,Score BO L20 R20>=-0.02 ER20>=0.10 / Signal 3D confirm / Chandelier20 2.5ATR,score_bo_l20_rm002_erp010,signal_3d_confirm,chandelier20_2_5atr,entry_open_at_or_below_initial_stop,57
score_bo_l20_rm002_erp010__signal_3d_confirm__low10,Score BO L20 R20>=-0.02 ER20>=0.10 / Signal 3D confirm / Low10 trailing,score_bo_l20_rm002_erp010,signal_3d_confirm,low10,entry_open_at_or_below_initial_stop,10
score_bo_l20_rm002_erp010__signal_3d_confirm__low20,Score BO L20 R20>=-0.02 ER20>=0.10 / Signal 3D confirm / Low20 trailing,score_bo_l20_rm002_erp010,signal_3d_confirm,low20,entry_open_at_or_below_initial_stop,1
score_bo_l20_rm002_erp010__signal_3d_confirm__low20_minus_0_5atr,Score BO L20 R20>=-0.02 ER20>=0.10 / Signal 3D confirm / Low20 - 0.5ATR trailing,score_bo_l20_rm002_erp010,signal_3d_confirm,low20_minus_0_5atr,entry_open_at_or_below_initial_stop,1
score_bo_l20_rm002_erp010__signal_3d_confirm__ma50,Score BO L20 R20>=-0.02 ER20>=0.10 / Signal 3D confirm / MA50 trailing,score_bo_l20_rm002_erp010,signal_3d_confirm,ma50,entry_open_at_or_below_initial_stop,8
score_bo_l20_rm002_erp015__breakout_5d_after_signal__chandelier20_2_5atr,Score BO L20 R20>=-0.02 ER20>=0.15 / 5D breakout after signal / Chandelier20 2.5ATR,score_bo_l20_rm002_erp015,breakout_5d_after_signal,chandelier20_2_5atr,entry_open_at_or_below_initial_stop,11
score_bo_l20_rm002_erp015__breakout_5d_after_signal__ma50,Score BO L20 R20>=-0.02 ER20>=0.15 / 5D breakout after signal / MA50 trailing,score_bo_l20_rm002_erp015,breakout_5d_after_signal,ma50,entry_open_at_or_below_initial_stop,2
score_bo_l20_rm002_erp015__first_signal__chandelier20_2_5atr,Score BO L20 R20>=-0.02 ER20>=0.15 / First signal / Chandelier20 2.5ATR,score_bo_l20_rm002_erp015,first_signal,chandelier20_2_5atr,entry_open_at_or_below_initial_stop,328
score_bo_l20_rm002_erp015__first_signal__low10,Score BO L20 R20>=-0.02 ER20>=0.15 / First signal / Low10 trailing,score_bo_l20_rm002_erp015,first_signal,low10,entry_open_at_or_below_initial_stop,27
score_bo_l20_rm002_erp015__first_signal__low20,Score BO L20 R20>=-0.02 ER20>=0.15 / First signal / Low20 trailing,score_bo_l20_rm002_erp015,first_signal,low20,entry_open_at_or_below_initial_stop,2
score_bo_l20_rm002_erp015__first_signal__ma50,Score BO L20 R20>=-0.02 ER20>=0.15 / First signal / MA50 trailing,score_bo_l20_rm002_erp015,first_signal,ma50,entry_open_at_or_below_initial_stop,130
score_bo_l20_rm002_erp015__signal_2d_confirm__chandelier20_2_5atr,Score BO L20 R20>=-0.02 ER20>=0.15 / Signal 2D confirm / Chandelier20 2.5ATR,score_bo_l20_rm002_erp015,signal_2d_confirm,chandelier20_2_5atr,entry_open_at_or_below_initial_stop,107
score_bo_l20_rm002_erp015__signal_2d_confirm__low10,Score BO L20 R20>=-0.02 ER20>=0.15 / Signal 2D confirm / Low10 trailing,score_bo_l20_rm002_erp015,signal_2d_confirm,low10,entry_open_at_or_below_initial_stop,27
score_bo_l20_rm002_erp015__signal_2d_confirm__ma50,Score BO L20 R20>=-0.02 ER20>=0.15 / Signal 2D confirm / MA50 trailing,score_bo_l20_rm002_erp015,signal_2d_confirm,ma50,entry_open_at_or_below_initial_stop,21
score_bo_l20_rm002_erp015__signal_3d_confirm__chandelier20_2_5atr,Score BO L20 R20>=-0.02 ER20>=0.15 / Signal 3D confirm / Chandelier20 2.5ATR,score_bo_l20_rm002_erp015,signal_3d_confirm,chandelier20_2_5atr,entry_open_at_or_below_initial_stop,37
score_bo_l20_rm002_erp015__signal_3d_confirm__low10,Score BO L20 R20>=-0.02 ER20>=0.15 / Signal 3D confirm / Low10 trailing,score_bo_l20_rm002_erp015,signal_3d_confirm,low10,entry_open_at_or_below_initial_stop,6
score_bo_l20_rm002_erp015__signal_3d_confirm__low20,Score BO L20 R20>=-0.02 ER20>=0.15 / Signal 3D confirm / Low20 trailing,score_bo_l20_rm002_erp015,signal_3d_confirm,low20,entry_open_at_or_below_initial_stop,1
score_bo_l20_rm002_erp015__signal_3d_confirm__low20_minus_0_5atr,Score BO L20 R20>=-0.02 ER20>=0.15 / Signal 3D confirm / Low20 - 0.5ATR trailing,score_bo_l20_rm002_erp015,signal_3d_confirm,low20_minus_0_5atr,entry_open_at_or_below_initial_stop,1
score_bo_l20_rm002_erp015__signal_3d_confirm__ma50,Score BO L20 R20>=-0.02 ER20>=0.15 / Signal 3D confirm / MA50 trailing,score_bo_l20_rm002_erp015,signal_3d_confirm,ma50,entry_open_at_or_below_initial_stop,5
score_bo_l20_rp000_erp005__breakout_5d_after_signal__chandelier20_2_5atr,Score BO L20 R20>=0.00 ER20>=0.05 / 5D breakout after signal / Chandelier20 2.5ATR,score_bo_l20_rp000_erp005,breakout_5d_after_signal,chandelier20_2_5atr,entry_open_at_or_below_initial_stop,24
score_bo_l20_rp000_erp005__breakout_5d_after_signal__ma50,Score BO L20 R20>=0.00 ER20>=0.05 / 5D breakout after signal / MA50 trailing,score_bo_l20_rp000_erp005,breakout_5d_after_signal,ma50,entry_open_at_or_below_initial_stop,2
score_bo_l20_rp000_erp005__first_signal__chandelier20_2_5atr,Score BO L20 R20>=0.00 ER20>=0.05 / First signal / Chandelier20 2.5ATR,score_bo_l20_rp000_erp005,first_signal,chandelier20_2_5atr,entry_open_at_or_below_initial_stop,510
score_bo_l20_rp000_erp005__first_signal__low10,Score BO L20 R20>=0.00 ER20>=0.05 / First signal / Low10 trailing,score_bo_l20_rp000_erp005,first_signal,low10,entry_open_at_or_below_initial_stop,48
score_bo_l20_rp000_erp005__first_signal__low20,Score BO L20 R20>=0.00 ER20>=0.05 / First signal / Low20 trailing,score_bo_l20_rp000_erp005,first_signal,low20,entry_open_at_or_below_initial_stop,8
score_bo_l20_rp000_erp005__first_signal__low20_minus_0_5atr,Score BO L20 R20>=0.00 ER20>=0.05 / First signal / Low20 - 0.5ATR trailing,score_bo_l20_rp000_erp005,first_signal,low20_minus_0_5atr,entry_open_at_or_below_initial_stop,5
score_bo_l20_rp000_erp005__first_signal__ma50,Score BO L20 R20>=0.00 ER20>=0.05 / First signal / MA50 trailing,score_bo_l20_rp000_erp005,first_signal,ma50,entry_open_at_or_below_initial_stop,219
score_bo_l20_rp000_erp005__signal_2d_confirm__chandelier20_2_5atr,Score BO L20 R20>=0.00 ER20>=0.05 / Signal 2D confirm / Chandelier20 2.5ATR,score_bo_l20_rp000_erp005,signal_2d_confirm,chandelier20_2_5atr,entry_open_at_or_below_initial_stop,193
score_bo_l20_rp000_erp005__signal_2d_confirm__low10,Score BO L20 R20>=0.00 ER20>=0.05 / Signal 2D confirm / Low10 trailing,score_bo_l20_rp000_erp005,signal_2d_confirm,low10,entry_open_at_or_below_initial_stop,44
score_bo_l20_rp000_erp005__signal_2d_confirm__ma50,Score BO L20 R20>=0.00 ER20>=0.05 / Signal 2D confirm / MA50 trailing,score_bo_l20_rp000_erp005,signal_2d_confirm,ma50,entry_open_at_or_below_initial_stop,41
score_bo_l20_rp000_erp005__signal_3d_confirm__chandelier20_2_5atr,Score BO L20 R20>=0.00 ER20>=0.05 / Signal 3D confirm / Chandelier20 2.5ATR,score_bo_l20_rp000_erp005,signal_3d_confirm,chandelier20_2_5atr,entry_open_at_or_below_initial_stop,87
score_bo_l20_rp000_erp005__signal_3d_confirm__low10,Score BO L20 R20>=0.00 ER20>=0.05 / Signal 3D confirm / Low10 trailing,score_bo_l20_rp000_erp005,signal_3d_confirm,low10,entry_open_at_or_below_initial_stop,24
score_bo_l20_rp000_erp005__signal_3d_confirm__low20,Score BO L20 R20>=0.00 ER20>=0.05 / Signal 3D confirm / Low20 trailing,score_bo_l20_rp000_erp005,signal_3d_confirm,low20,entry_open_at_or_below_initial_stop,1
score_bo_l20_rp000_erp005__signal_3d_confirm__low20_minus_0_5atr,Score BO L20 R20>=0.00 ER20>=0.05 / Signal 3D confirm / Low20 - 0.5ATR trailing,score_bo_l20_rp000_erp005,signal_3d_confirm,low20_minus_0_5atr,entry_open_at_or_below_initial_stop,1
score_bo_l20_rp000_erp005__signal_3d_confirm__ma50,Score BO L20 R20>=0.00 ER20>=0.05 / Signal 3D confirm / MA50 trailing,score_bo_l20_rp000_erp005,signal_3d_confirm,ma50,entry_open_at_or_below_initial_stop,9
score_bo_l20_rp000_erp010__breakout_5d_after_signal__chandelier20_2_5atr,Score BO L20 R20>=0.00 ER20>=0.10 / 5D breakout after signal / Chandelier20 2.5ATR,score_bo_l20_rp000_erp010,breakout_5d_after_signal,chandelier20_2_5atr,entry_open_at_or_below_initial_stop,20
score_bo_l20_rp000_erp010__breakout_5d_after_signal__ma50,Score BO L20 R20>=0.00 ER20>=0.10 / 5D breakout after signal / MA50 trailing,score_bo_l20_rp000_erp010,breakout_5d_after_signal,ma50,entry_open_at_or_below_initial_stop,2
score_bo_l20_rp000_erp010__first_signal__chandelier20_2_5atr,Score BO L20 R20>=0.00 ER20>=0.10 / First signal / Chandelier20 2.5ATR,score_bo_l20_rp000_erp010,first_signal,chandelier20_2_5atr,entry_open_at_or_below_initial_stop,403
score_bo_l20_rp000_erp010__first_signal__low10,Score BO L20 R20>=0.00 ER20>=0.10 / First signal / Low10 trailing,score_bo_l20_rp000_erp010,first_signal,low10,entry_open_at_or_below_initial_stop,38
score_bo_l20_rp000_erp010__first_signal__low20,Score BO L20 R20>=0.00 ER20>=0.10 / First signal / Low20 trailing,score_bo_l20_rp000_erp010,first_signal,low20,entry_open_at_or_below_initial_stop,7
score_bo_l20_rp000_erp010__first_signal__low20_minus_0_5atr,Score BO L20 R20>=0.00 ER20>=0.10 / First signal / Low20 - 0.5ATR trailing,score_bo_l20_rp000_erp010,first_signal,low20_minus_0_5atr,entry_open_at_or_below_initial_stop,5
score_bo_l20_rp000_erp010__first_signal__ma50,Score BO L20 R20>=0.00 ER20>=0.10 / First signal / MA50 trailing,score_bo_l20_rp000_erp010,first_signal,ma50,entry_open_at_or_below_initial_stop,169
score_bo_l20_rp000_erp010__signal_2d_confirm__chandelier20_2_5atr,Score BO L20 R20>=0.00 ER20>=0.10 / Signal 2D confirm / Chandelier20 2.5ATR,score_bo_l20_rp000_erp010,signal_2d_confirm,chandelier20_2_5atr,entry_open_at_or_below_initial_stop,143
score_bo_l20_rp000_erp010__signal_2d_confirm__low10,Score BO L20 R20>=0.00 ER20>=0.10 / Signal 2D confirm / Low10 trailing,score_bo_l20_rp000_erp010,signal_2d_confirm,low10,entry_open_at_or_below_initial_stop,37
score_bo_l20_rp000_erp010__signal_2d_confirm__ma50,Score BO L20 R20>=0.00 ER20>=0.10 / Signal 2D confirm / MA50 trailing,score_bo_l20_rp000_erp010,signal_2d_confirm,ma50,entry_open_at_or_below_initial_stop,29
score_bo_l20_rp000_erp010__signal_3d_confirm__chandelier20_2_5atr,Score BO L20 R20>=0.00 ER20>=0.10 / Signal 3D confirm / Chandelier20 2.5ATR,score_bo_l20_rp000_erp010,signal_3d_confirm,chandelier20_2_5atr,entry_open_at_or_below_initial_stop,57
score_bo_l20_rp000_erp010__signal_3d_confirm__low10,Score BO L20 R20>=0.00 ER20>=0.10 / Signal 3D confirm / Low10 trailing,score_bo_l20_rp000_erp010,signal_3d_confirm,low10,entry_open_at_or_below_initial_stop,10
score_bo_l20_rp000_erp010__signal_3d_confirm__low20,Score BO L20 R20>=0.00 ER20>=0.10 / Signal 3D confirm / Low20 trailing,score_bo_l20_rp000_erp010,signal_3d_confirm,low20,entry_open_at_or_below_initial_stop,1
score_bo_l20_rp000_erp010__signal_3d_confirm__low20_minus_0_5atr,Score BO L20 R20>=0.00 ER20>=0.10 / Signal 3D confirm / Low20 - 0.5ATR trailing,score_bo_l20_rp000_erp010,signal_3d_confirm,low20_minus_0_5atr,entry_open_at_or_below_initial_stop,1
score_bo_l20_rp000_erp010__signal_3d_confirm__ma50,Score BO L20 R20>=0.00 ER20>=0.10 / Signal 3D confirm / MA50 trailing,score_bo_l20_rp000_erp010,signal_3d_confirm,ma50,entry_open_at_or_below_initial_stop,8
score_bo_l20_rp000_erp015__breakout_5d_after_signal__chandelier20_2_5atr,Score BO L20 R20>=0.00 ER20>=0.15 / 5D breakout after signal / Chandelier20 2.5ATR,score_bo_l20_rp000_erp015,breakout_5d_after_signal,chandelier20_2_5atr,entry_open_at_or_below_initial_stop,11
score_bo_l20_rp000_erp015__breakout_5d_after_signal__ma50,Score BO L20 R20>=0.00 ER20>=0.15 / 5D breakout after signal / MA50 trailing,score_bo_l20_rp000_erp015,breakout_5d_after_signal,ma50,entry_open_at_or_below_initial_stop,2
score_bo_l20_rp000_erp015__first_signal__chandelier20_2_5atr,Score BO L20 R20>=0.00 ER20>=0.15 / First signal / Chandelier20 2.5ATR,score_bo_l20_rp000_erp015,first_signal,chandelier20_2_5atr,entry_open_at_or_below_initial_stop,328
score_bo_l20_rp000_erp015__first_signal__low10,Score BO L20 R20>=0.00 ER20>=0.15 / First signal / Low10 trailing,score_bo_l20_rp000_erp015,first_signal,low10,entry_open_at_or_below_initial_stop,27
score_bo_l20_rp000_erp015__first_signal__low20,Score BO L20 R20>=0.00 ER20>=0.15 / First signal / Low20 trailing,score_bo_l20_rp000_erp015,first_signal,low20,entry_open_at_or_below_initial_stop,2
score_bo_l20_rp000_erp015__first_signal__ma50,Score BO L20 R20>=0.00 ER20>=0.15 / First signal / MA50 trailing,score_bo_l20_rp000_erp015,first_signal,ma50,entry_open_at_or_below_initial_stop,130
score_bo_l20_rp000_erp015__signal_2d_confirm__chandelier20_2_5atr,Score BO L20 R20>=0.00 ER20>=0.15 / Signal 2D confirm / Chandelier20 2.5ATR,score_bo_l20_rp000_erp015,signal_2d_confirm,chandelier20_2_5atr,entry_open_at_or_below_initial_stop,107
score_bo_l20_rp000_erp015__signal_2d_confirm__low10,Score BO L20 R20>=0.00 ER20>=0.15 / Signal 2D confirm / Low10 trailing,score_bo_l20_rp000_erp015,signal_2d_confirm,low10,entry_open_at_or_below_initial_stop,27
score_bo_l20_rp000_erp015__signal_2d_confirm__ma50,Score BO L20 R20>=0.00 ER20>=0.15 / Signal 2D confirm / MA50 trailing,score_bo_l20_rp000_erp015,signal_2d_confirm,ma50,entry_open_at_or_below_initial_stop,21
score_bo_l20_rp000_erp015__signal_3d_confirm__chandelier20_2_5atr,Score BO L20 R20>=0.00 ER20>=0.15 / Signal 3D confirm / Chandelier20 2.5ATR,score_bo_l20_rp000_erp015,signal_3d_confirm,chandelier20_2_5atr,entry_open_at_or_below_initial_stop,37
score_bo_l20_rp000_erp015__signal_3d_confirm__low10,Score BO L20 R20>=0.00 ER20>=0.15 / Signal 3D confirm / Low10 trailing,score_bo_l20_rp000_erp015,signal_3d_confirm,low10,entry_open_at_or_below_initial_stop,6
score_bo_l20_rp000_erp015__signal_3d_confirm__low20,Score BO L20 R20>=0.00 ER20>=0.15 / Signal 3D confirm / Low20 trailing,score_bo_l20_rp000_erp015,signal_3d_confirm,low20,entry_open_at_or_below_initial_stop,1
score_bo_l20_rp000_erp015__signal_3d_confirm__low20_minus_0_5atr,Score BO L20 R20>=0.00 ER20>=0.15 / Signal 3D confirm / Low20 - 0.5ATR trailing,score_bo_l20_rp000_erp015,signal_3d_confirm,low20_minus_0_5atr,entry_open_at_or_below_initial_stop,1
score_bo_l20_rp000_erp015__signal_3d_confirm__ma50,Score BO L20 R20>=0.00 ER20>=0.15 / Signal 3D confirm / MA50 trailing,score_bo_l20_rp000_erp015,signal_3d_confirm,ma50,entry_open_at_or_below_initial_stop,5
score_bo_l20_rp002_erp005__breakout_5d_after_signal__chandelier20_2_5atr,Score BO L20 R20>=0.02 ER20>=0.05 / 5D breakout after signal / Chandelier20 2.5ATR,score_bo_l20_rp002_erp005,breakout_5d_after_signal,chandelier20_2_5atr,entry_open_at_or_below_initial_stop,5
score_bo_l20_rp002_erp005__breakout_5d_after_signal__ma50,Score BO L20 R20>=0.02 ER20>=0.05 / 5D breakout after signal / MA50 trailing,score_bo_l20_rp002_erp005,breakout_5d_after_signal,ma50,entry_open_at_or_below_initial_stop,2
score_bo_l20_rp002_erp005__first_signal__chandelier20_2_5atr,Score BO L20 R20>=0.02 ER20>=0.05 / First signal / Chandelier20 2.5ATR,score_bo_l20_rp002_erp005,first_signal,chandelier20_2_5atr,entry_open_at_or_below_initial_stop,301
score_bo_l20_rp002_erp005__first_signal__low10,Score BO L20 R20>=0.02 ER20>=0.05 / First signal / Low10 trailing,score_bo_l20_rp002_erp005,first_signal,low10,entry_open_at_or_below_initial_stop,14
score_bo_l20_rp002_erp005__first_signal__ma50,Score BO L20 R20>=0.02 ER20>=0.05 / First signal / MA50 trailing,score_bo_l20_rp002_erp005,first_signal,ma50,entry_open_at_or_below_initial_stop,126
score_bo_l20_rp002_erp005__signal_2d_confirm__chandelier20_2_5atr,Score BO L20 R20>=0.02 ER20>=0.05 / Signal 2D confirm / Chandelier20 2.5ATR,score_bo_l20_rp002_erp005,signal_2d_confirm,chandelier20_2_5atr,entry_open_at_or_below_initial_stop,90
score_bo_l20_rp002_erp005__signal_2d_confirm__low10,Score BO L20 R20>=0.02 ER20>=0.05 / Signal 2D confirm / Low10 trailing,score_bo_l20_rp002_erp005,signal_2d_confirm,low10,entry_open_at_or_below_initial_stop,25
score_bo_l20_rp002_erp005__signal_2d_confirm__ma50,Score BO L20 R20>=0.02 ER20>=0.05 / Signal 2D confirm / MA50 trailing,score_bo_l20_rp002_erp005,signal_2d_confirm,ma50,entry_open_at_or_below_initial_stop,22
score_bo_l20_rp002_erp005__signal_3d_confirm__chandelier20_2_5atr,Score BO L20 R20>=0.02 ER20>=0.05 / Signal 3D confirm / Chandelier20 2.5ATR,score_bo_l20_rp002_erp005,signal_3d_confirm,chandelier20_2_5atr,entry_open_at_or_below_initial_stop,39
score_bo_l20_rp002_erp005__signal_3d_confirm__low10,Score BO L20 R20>=0.02 ER20>=0.05 / Signal 3D confirm / Low10 trailing,score_bo_l20_rp002_erp005,signal_3d_confirm,low10,entry_open_at_or_below_initial_stop,2
score_bo_l20_rp002_erp005__signal_3d_confirm__ma50,Score BO L20 R20>=0.02 ER20>=0.05 / Signal 3D confirm / MA50 trailing,score_bo_l20_rp002_erp005,signal_3d_confirm,ma50,entry_open_at_or_below_initial_stop,5
score_bo_l20_rp002_erp010__breakout_5d_after_signal__chandelier20_2_5atr,Score BO L20 R20>=0.02 ER20>=0.10 / 5D breakout after signal / Chandelier20 2.5ATR,score_bo_l20_rp002_erp010,breakout_5d_after_signal,chandelier20_2_5atr,entry_open_at_or_below_initial_stop,4
score_bo_l20_rp002_erp010__breakout_5d_after_signal__ma50,Score BO L20 R20>=0.02 ER20>=0.10 / 5D breakout after signal / MA50 trailing,score_bo_l20_rp002_erp010,breakout_5d_after_signal,ma50,entry_open_at_or_below_initial_stop,2
score_bo_l20_rp002_erp010__first_signal__chandelier20_2_5atr,Score BO L20 R20>=0.02 ER20>=0.10 / First signal / Chandelier20 2.5ATR,score_bo_l20_rp002_erp010,first_signal,chandelier20_2_5atr,entry_open_at_or_below_initial_stop,295
score_bo_l20_rp002_erp010__first_signal__low10,Score BO L20 R20>=0.02 ER20>=0.10 / First signal / Low10 trailing,score_bo_l20_rp002_erp010,first_signal,low10,entry_open_at_or_below_initial_stop,14
score_bo_l20_rp002_erp010__first_signal__ma50,Score BO L20 R20>=0.02 ER20>=0.10 / First signal / MA50 trailing,score_bo_l20_rp002_erp010,first_signal,ma50,entry_open_at_or_below_initial_stop,121
score_bo_l20_rp002_erp010__signal_2d_confirm__chandelier20_2_5atr,Score BO L20 R20>=0.02 ER20>=0.10 / Signal 2D confirm / Chandelier20 2.5ATR,score_bo_l20_rp002_erp010,signal_2d_confirm,chandelier20_2_5atr,entry_open_at_or_below_initial_stop,85
score_bo_l20_rp002_erp010__signal_2d_confirm__low10,Score BO L20 R20>=0.02 ER20>=0.10 / Signal 2D confirm / Low10 trailing,score_bo_l20_rp002_erp010,signal_2d_confirm,low10,entry_open_at_or_below_initial_stop,25
score_bo_l20_rp002_erp010__signal_2d_confirm__ma50,Score BO L20 R20>=0.02 ER20>=0.10 / Signal 2D confirm / MA50 trailing,score_bo_l20_rp002_erp010,signal_2d_confirm,ma50,entry_open_at_or_below_initial_stop,20
score_bo_l20_rp002_erp010__signal_3d_confirm__chandelier20_2_5atr,Score BO L20 R20>=0.02 ER20>=0.10 / Signal 3D confirm / Chandelier20 2.5ATR,score_bo_l20_rp002_erp010,signal_3d_confirm,chandelier20_2_5atr,entry_open_at_or_below_initial_stop,37
score_bo_l20_rp002_erp010__signal_3d_confirm__low10,Score BO L20 R20>=0.02 ER20>=0.10 / Signal 3D confirm / Low10 trailing,score_bo_l20_rp002_erp010,signal_3d_confirm,low10,entry_open_at_or_below_initial_stop,2
score_bo_l20_rp002_erp010__signal_3d_confirm__ma50,Score BO L20 R20>=0.02 ER20>=0.10 / Signal 3D confirm / MA50 trailing,score_bo_l20_rp002_erp010,signal_3d_confirm,ma50,entry_open_at_or_below_initial_stop,4
score_bo_l20_rp002_erp015__breakout_5d_after_signal__chandelier20_2_5atr,Score BO L20 R20>=0.02 ER20>=0.15 / 5D breakout after signal / Chandelier20 2.5ATR,score_bo_l20_rp002_erp015,breakout_5d_after_signal,chandelier20_2_5atr,entry_open_at_or_below_initial_stop,3
score_bo_l20_rp002_erp015__breakout_5d_after_signal__ma50,Score BO L20 R20>=0.02 ER20>=0.15 / 5D breakout after signal / MA50 trailing,score_bo_l20_rp002_erp015,breakout_5d_after_signal,ma50,entry_open_at_or_below_initial_stop,2
score_bo_l20_rp002_erp015__first_signal__chandelier20_2_5atr,Score BO L20 R20>=0.02 ER20>=0.15 / First signal / Chandelier20 2.5ATR,score_bo_l20_rp002_erp015,first_signal,chandelier20_2_5atr,entry_open_at_or_below_initial_stop,258
score_bo_l20_rp002_erp015__first_signal__low10,Score BO L20 R20>=0.02 ER20>=0.15 / First signal / Low10 trailing,score_bo_l20_rp002_erp015,first_signal,low10,entry_open_at_or_below_initial_stop,13
score_bo_l20_rp002_erp015__first_signal__ma50,Score BO L20 R20>=0.02 ER20>=0.15 / First signal / MA50 trailing,score_bo_l20_rp002_erp015,first_signal,ma50,entry_open_at_or_below_initial_stop,106
score_bo_l20_rp002_erp015__signal_2d_confirm__chandelier20_2_5atr,Score BO L20 R20>=0.02 ER20>=0.15 / Signal 2D confirm / Chandelier20 2.5ATR,score_bo_l20_rp002_erp015,signal_2d_confirm,chandelier20_2_5atr,entry_open_at_or_below_initial_stop,71
score_bo_l20_rp002_erp015__signal_2d_confirm__low10,Score BO L20 R20>=0.02 ER20>=0.15 / Signal 2D confirm / Low10 trailing,score_bo_l20_rp002_erp015,signal_2d_confirm,low10,entry_open_at_or_below_initial_stop,23
score_bo_l20_rp002_erp015__signal_2d_confirm__ma50,Score BO L20 R20>=0.02 ER20>=0.15 / Signal 2D confirm / MA50 trailing,score_bo_l20_rp002_erp015,signal_2d_confirm,ma50,entry_open_at_or_below_initial_stop,16
score_bo_l20_rp002_erp015__signal_3d_confirm__chandelier20_2_5atr,Score BO L20 R20>=0.02 ER20>=0.15 / Signal 3D confirm / Chandelier20 2.5ATR,score_bo_l20_rp002_erp015,signal_3d_confirm,chandelier20_2_5atr,entry_open_at_or_below_initial_stop,24
score_bo_l20_rp002_erp015__signal_3d_confirm__low10,Score BO L20 R20>=0.02 ER20>=0.15 / Signal 3D confirm / Low10 trailing,score_bo_l20_rp002_erp015,signal_3d_confirm,low10,entry_open_at_or_below_initial_stop,1
score_bo_l20_rp002_erp015__signal_3d_confirm__ma50,Score BO L20 R20>=0.02 ER20>=0.15 / Signal 3D confirm / MA50 trailing,score_bo_l20_rp002_erp015,signal_3d_confirm,ma50,entry_open_at_or_below_initial_stop,4
score_bo_l40_rm002_erp005__breakout_5d_after_signal__chandelier20_2_5atr,Score BO L40 R20>=-0.02 ER20>=0.05 / 5D breakout after signal / Chandelier20 2.5ATR,score_bo_l40_rm002_erp005,breakout_5d_after_signal,chandelier20_2_5atr,entry_open_at_or_below_initial_stop,19
score_bo_l40_rm002_erp005__first_signal__chandelier20_2_5atr,Score BO L40 R20>=-0.02 ER20>=0.05 / First signal / Chandelier20 2.5ATR,score_bo_l40_rm002_erp005,first_signal,chandelier20_2_5atr,entry_open_at_or_below_initial_stop,464
score_bo_l40_rm002_erp005__first_signal__low10,Score BO L40 R20>=-0.02 ER20>=0.05 / First signal / Low10 trailing,score_bo_l40_rm002_erp005,first_signal,low10,entry_open_at_or_below_initial_stop,45
score_bo_l40_rm002_erp005__first_signal__low20,Score BO L40 R20>=-0.02 ER20>=0.05 / First signal / Low20 trailing,score_bo_l40_rm002_erp005,first_signal,low20,entry_open_at_or_below_initial_stop,2
score_bo_l40_rm002_erp005__first_signal__low20_minus_0_5atr,Score BO L40 R20>=-0.02 ER20>=0.05 / First signal / Low20 - 0.5ATR trailing,score_bo_l40_rm002_erp005,first_signal,low20_minus_0_5atr,entry_open_at_or_below_initial_stop,1
score_bo_l40_rm002_erp005__first_signal__ma50,Score BO L40 R20>=-0.02 ER20>=0.05 / First signal / MA50 trailing,score_bo_l40_rm002_erp005,first_signal,ma50,entry_open_at_or_below_initial_stop,50
score_bo_l40_rm002_erp005__signal_2d_confirm__chandelier20_2_5atr,Score BO L40 R20>=-0.02 ER20>=0.05 / Signal 2D confirm / Chandelier20 2.5ATR,score_bo_l40_rm002_erp005,signal_2d_confirm,chandelier20_2_5atr,entry_open_at_or_below_initial_stop,188
score_bo_l40_rm002_erp005__signal_2d_confirm__low10,Score BO L40 R20>=-0.02 ER20>=0.05 / Signal 2D confirm / Low10 trailing,score_bo_l40_rm002_erp005,signal_2d_confirm,low10,entry_open_at_or_below_initial_stop,26
score_bo_l40_rm002_erp005__signal_2d_confirm__ma50,Score BO L40 R20>=-0.02 ER20>=0.05 / Signal 2D confirm / MA50 trailing,score_bo_l40_rm002_erp005,signal_2d_confirm,ma50,entry_open_at_or_below_initial_stop,8
score_bo_l40_rm002_erp005__signal_3d_confirm__chandelier20_2_5atr,Score BO L40 R20>=-0.02 ER20>=0.05 / Signal 3D confirm / Chandelier20 2.5ATR,score_bo_l40_rm002_erp005,signal_3d_confirm,chandelier20_2_5atr,entry_open_at_or_below_initial_stop,79
score_bo_l40_rm002_erp005__signal_3d_confirm__low10,Score BO L40 R20>=-0.02 ER20>=0.05 / Signal 3D confirm / Low10 trailing,score_bo_l40_rm002_erp005,signal_3d_confirm,low10,entry_open_at_or_below_initial_stop,22
score_bo_l40_rm002_erp005__signal_3d_confirm__low20,Score BO L40 R20>=-0.02 ER20>=0.05 / Signal 3D confirm / Low20 trailing,score_bo_l40_rm002_erp005,signal_3d_confirm,low20,entry_open_at_or_below_initial_stop,1
score_bo_l40_rm002_erp005__signal_3d_confirm__low20_minus_0_5atr,Score BO L40 R20>=-0.02 ER20>=0.05 / Signal 3D confirm / Low20 - 0.5ATR trailing,score_bo_l40_rm002_erp005,signal_3d_confirm,low20_minus_0_5atr,entry_open_at_or_below_initial_stop,1
score_bo_l40_rm002_erp005__signal_3d_confirm__ma50,Score BO L40 R20>=-0.02 ER20>=0.05 / Signal 3D confirm / MA50 trailing,score_bo_l40_rm002_erp005,signal_3d_confirm,ma50,entry_open_at_or_below_initial_stop,3
score_bo_l40_rm002_erp010__breakout_5d_after_signal__chandelier20_2_5atr,Score BO L40 R20>=-0.02 ER20>=0.10 / 5D breakout after signal / Chandelier20 2.5ATR,score_bo_l40_rm002_erp010,breakout_5d_after_signal,chandelier20_2_5atr,entry_open_at_or_below_initial_stop,17
score_bo_l40_rm002_erp010__first_signal__chandelier20_2_5atr,Score BO L40 R20>=-0.02 ER20>=0.10 / First signal / Chandelier20 2.5ATR,score_bo_l40_rm002_erp010,first_signal,chandelier20_2_5atr,entry_open_at_or_below_initial_stop,371
score_bo_l40_rm002_erp010__first_signal__low10,Score BO L40 R20>=-0.02 ER20>=0.10 / First signal / Low10 trailing,score_bo_l40_rm002_erp010,first_signal,low10,entry_open_at_or_below_initial_stop,39
score_bo_l40_rm002_erp010__first_signal__ma50,Score BO L40 R20>=-0.02 ER20>=0.10 / First signal / MA50 trailing,score_bo_l40_rm002_erp010,first_signal,ma50,entry_open_at_or_below_initial_stop,37
score_bo_l40_rm002_erp010__signal_2d_confirm__chandelier20_2_5atr,Score BO L40 R20>=-0.02 ER20>=0.10 / Signal 2D confirm / Chandelier20 2.5ATR,score_bo_l40_rm002_erp010,signal_2d_confirm,chandelier20_2_5atr,entry_open_at_or_below_initial_stop,143
score_bo_l40_rm002_erp010__signal_2d_confirm__low10,Score BO L40 R20>=-0.02 ER20>=0.10 / Signal 2D confirm / Low10 trailing,score_bo_l40_rm002_erp010,signal_2d_confirm,low10,entry_open_at_or_below_initial_stop,23
score_bo_l40_rm002_erp010__signal_2d_confirm__ma50,Score BO L40 R20>=-0.02 ER20>=0.10 / Signal 2D confirm / MA50 trailing,score_bo_l40_rm002_erp010,signal_2d_confirm,ma50,entry_open_at_or_below_initial_stop,3
score_bo_l40_rm002_erp010__signal_3d_confirm__chandelier20_2_5atr,Score BO L40 R20>=-0.02 ER20>=0.10 / Signal 3D confirm / Chandelier20 2.5ATR,score_bo_l40_rm002_erp010,signal_3d_confirm,chandelier20_2_5atr,entry_open_at_or_below_initial_stop,50
score_bo_l40_rm002_erp010__signal_3d_confirm__low10,Score BO L40 R20>=-0.02 ER20>=0.10 / Signal 3D confirm / Low10 trailing,score_bo_l40_rm002_erp010,signal_3d_confirm,low10,entry_open_at_or_below_initial_stop,8
score_bo_l40_rm002_erp010__signal_3d_confirm__low20,Score BO L40 R20>=-0.02 ER20>=0.10 / Signal 3D confirm / Low20 trailing,score_bo_l40_rm002_erp010,signal_3d_confirm,low20,entry_open_at_or_below_initial_stop,1
score_bo_l40_rm002_erp010__signal_3d_confirm__low20_minus_0_5atr,Score BO L40 R20>=-0.02 ER20>=0.10 / Signal 3D confirm / Low20 - 0.5ATR trailing,score_bo_l40_rm002_erp010,signal_3d_confirm,low20_minus_0_5atr,entry_open_at_or_below_initial_stop,1
score_bo_l40_rm002_erp010__signal_3d_confirm__ma50,Score BO L40 R20>=-0.02 ER20>=0.10 / Signal 3D confirm / MA50 trailing,score_bo_l40_rm002_erp010,signal_3d_confirm,ma50,entry_open_at_or_below_initial_stop,2
score_bo_l40_rm002_erp015__breakout_5d_after_signal__chandelier20_2_5atr,Score BO L40 R20>=-0.02 ER20>=0.15 / 5D breakout after signal / Chandelier20 2.5ATR,score_bo_l40_rm002_erp015,breakout_5d_after_signal,chandelier20_2_5atr,entry_open_at_or_below_initial_stop,8
score_bo_l40_rm002_erp015__first_signal__chandelier20_2_5atr,Score BO L40 R20>=-0.02 ER20>=0.15 / First signal / Chandelier20 2.5ATR,score_bo_l40_rm002_erp015,first_signal,chandelier20_2_5atr,entry_open_at_or_below_initial_stop,310
score_bo_l40_rm002_erp015__first_signal__low10,Score BO L40 R20>=-0.02 ER20>=0.15 / First signal / Low10 trailing,score_bo_l40_rm002_erp015,first_signal,low10,entry_open_at_or_below_initial_stop,27
score_bo_l40_rm002_erp015__first_signal__ma50,Score BO L40 R20>=-0.02 ER20>=0.15 / First signal / MA50 trailing,score_bo_l40_rm002_erp015,first_signal,ma50,entry_open_at_or_below_initial_stop,28
score_bo_l40_rm002_erp015__signal_2d_confirm__chandelier20_2_5atr,Score BO L40 R20>=-0.02 ER20>=0.15 / Signal 2D confirm / Chandelier20 2.5ATR,score_bo_l40_rm002_erp015,signal_2d_confirm,chandelier20_2_5atr,entry_open_at_or_below_initial_stop,112
score_bo_l40_rm002_erp015__signal_2d_confirm__low10,Score BO L40 R20>=-0.02 ER20>=0.15 / Signal 2D confirm / Low10 trailing,score_bo_l40_rm002_erp015,signal_2d_confirm,low10,entry_open_at_or_below_initial_stop,17
score_bo_l40_rm002_erp015__signal_2d_confirm__ma50,Score BO L40 R20>=-0.02 ER20>=0.15 / Signal 2D confirm / MA50 trailing,score_bo_l40_rm002_erp015,signal_2d_confirm,ma50,entry_open_at_or_below_initial_stop,1
score_bo_l40_rm002_erp015__signal_3d_confirm__chandelier20_2_5atr,Score BO L40 R20>=-0.02 ER20>=0.15 / Signal 3D confirm / Chandelier20 2.5ATR,score_bo_l40_rm002_erp015,signal_3d_confirm,chandelier20_2_5atr,entry_open_at_or_below_initial_stop,31
score_bo_l40_rm002_erp015__signal_3d_confirm__low10,Score BO L40 R20>=-0.02 ER20>=0.15 / Signal 3D confirm / Low10 trailing,score_bo_l40_rm002_erp015,signal_3d_confirm,low10,entry_open_at_or_below_initial_stop,5
score_bo_l40_rm002_erp015__signal_3d_confirm__low20,Score BO L40 R20>=-0.02 ER20>=0.15 / Signal 3D confirm / Low20 trailing,score_bo_l40_rm002_erp015,signal_3d_confirm,low20,entry_open_at_or_below_initial_stop,1
score_bo_l40_rm002_erp015__signal_3d_confirm__low20_minus_0_5atr,Score BO L40 R20>=-0.02 ER20>=0.15 / Signal 3D confirm / Low20 - 0.5ATR trailing,score_bo_l40_rm002_erp015,signal_3d_confirm,low20_minus_0_5atr,entry_open_at_or_below_initial_stop,1
score_bo_l40_rm002_erp015__signal_3d_confirm__ma50,Score BO L40 R20>=-0.02 ER20>=0.15 / Signal 3D confirm / MA50 trailing,score_bo_l40_rm002_erp015,signal_3d_confirm,ma50,entry_open_at_or_below_initial_stop,1
score_bo_l40_rp000_erp005__breakout_5d_after_signal__chandelier20_2_5atr,Score BO L40 R20>=0.00 ER20>=0.05 / 5D breakout after signal / Chandelier20 2.5ATR,score_bo_l40_rp000_erp005,breakout_5d_after_signal,chandelier20_2_5atr,entry_open_at_or_below_initial_stop,19
score_bo_l40_rp000_erp005__first_signal__chandelier20_2_5atr,Score BO L40 R20>=0.00 ER20>=0.05 / First signal / Chandelier20 2.5ATR,score_bo_l40_rp000_erp005,first_signal,chandelier20_2_5atr,entry_open_at_or_below_initial_stop,464
score_bo_l40_rp000_erp005__first_signal__low10,Score BO L40 R20>=0.00 ER20>=0.05 / First signal / Low10 trailing,score_bo_l40_rp000_erp005,first_signal,low10,entry_open_at_or_below_initial_stop,45
score_bo_l40_rp000_erp005__first_signal__low20,Score BO L40 R20>=0.00 ER20>=0.05 / First signal / Low20 trailing,score_bo_l40_rp000_erp005,first_signal,low20,entry_open_at_or_below_initial_stop,2
score_bo_l40_rp000_erp005__first_signal__low20_minus_0_5atr,Score BO L40 R20>=0.00 ER20>=0.05 / First signal / Low20 - 0.5ATR trailing,score_bo_l40_rp000_erp005,first_signal,low20_minus_0_5atr,entry_open_at_or_below_initial_stop,1
score_bo_l40_rp000_erp005__first_signal__ma50,Score BO L40 R20>=0.00 ER20>=0.05 / First signal / MA50 trailing,score_bo_l40_rp000_erp005,first_signal,ma50,entry_open_at_or_below_initial_stop,50
score_bo_l40_rp000_erp005__signal_2d_confirm__chandelier20_2_5atr,Score BO L40 R20>=0.00 ER20>=0.05 / Signal 2D confirm / Chandelier20 2.5ATR,score_bo_l40_rp000_erp005,signal_2d_confirm,chandelier20_2_5atr,entry_open_at_or_below_initial_stop,188
score_bo_l40_rp000_erp005__signal_2d_confirm__low10,Score BO L40 R20>=0.00 ER20>=0.05 / Signal 2D confirm / Low10 trailing,score_bo_l40_rp000_erp005,signal_2d_confirm,low10,entry_open_at_or_below_initial_stop,26
score_bo_l40_rp000_erp005__signal_2d_confirm__ma50,Score BO L40 R20>=0.00 ER20>=0.05 / Signal 2D confirm / MA50 trailing,score_bo_l40_rp000_erp005,signal_2d_confirm,ma50,entry_open_at_or_below_initial_stop,8
score_bo_l40_rp000_erp005__signal_3d_confirm__chandelier20_2_5atr,Score BO L40 R20>=0.00 ER20>=0.05 / Signal 3D confirm / Chandelier20 2.5ATR,score_bo_l40_rp000_erp005,signal_3d_confirm,chandelier20_2_5atr,entry_open_at_or_below_initial_stop,79
score_bo_l40_rp000_erp005__signal_3d_confirm__low10,Score BO L40 R20>=0.00 ER20>=0.05 / Signal 3D confirm / Low10 trailing,score_bo_l40_rp000_erp005,signal_3d_confirm,low10,entry_open_at_or_below_initial_stop,22
score_bo_l40_rp000_erp005__signal_3d_confirm__low20,Score BO L40 R20>=0.00 ER20>=0.05 / Signal 3D confirm / Low20 trailing,score_bo_l40_rp000_erp005,signal_3d_confirm,low20,entry_open_at_or_below_initial_stop,1
score_bo_l40_rp000_erp005__signal_3d_confirm__low20_minus_0_5atr,Score BO L40 R20>=0.00 ER20>=0.05 / Signal 3D confirm / Low20 - 0.5ATR trailing,score_bo_l40_rp000_erp005,signal_3d_confirm,low20_minus_0_5atr,entry_open_at_or_below_initial_stop,1
score_bo_l40_rp000_erp005__signal_3d_confirm__ma50,Score BO L40 R20>=0.00 ER20>=0.05 / Signal 3D confirm / MA50 trailing,score_bo_l40_rp000_erp005,signal_3d_confirm,ma50,entry_open_at_or_below_initial_stop,3
score_bo_l40_rp000_erp010__breakout_5d_after_signal__chandelier20_2_5atr,Score BO L40 R20>=0.00 ER20>=0.10 / 5D breakout after signal / Chandelier20 2.5ATR,score_bo_l40_rp000_erp010,breakout_5d_after_signal,chandelier20_2_5atr,entry_open_at_or_below_initial_stop,17
score_bo_l40_rp000_erp010__first_signal__chandelier20_2_5atr,Score BO L40 R20>=0.00 ER20>=0.10 / First signal / Chandelier20 2.5ATR,score_bo_l40_rp000_erp010,first_signal,chandelier20_2_5atr,entry_open_at_or_below_initial_stop,371
score_bo_l40_rp000_erp010__first_signal__low10,Score BO L40 R20>=0.00 ER20>=0.10 / First signal / Low10 trailing,score_bo_l40_rp000_erp010,first_signal,low10,entry_open_at_or_below_initial_stop,39
score_bo_l40_rp000_erp010__first_signal__ma50,Score BO L40 R20>=0.00 ER20>=0.10 / First signal / MA50 trailing,score_bo_l40_rp000_erp010,first_signal,ma50,entry_open_at_or_below_initial_stop,37
score_bo_l40_rp000_erp010__signal_2d_confirm__chandelier20_2_5atr,Score BO L40 R20>=0.00 ER20>=0.10 / Signal 2D confirm / Chandelier20 2.5ATR,score_bo_l40_rp000_erp010,signal_2d_confirm,chandelier20_2_5atr,entry_open_at_or_below_initial_stop,143
score_bo_l40_rp000_erp010__signal_2d_confirm__low10,Score BO L40 R20>=0.00 ER20>=0.10 / Signal 2D confirm / Low10 trailing,score_bo_l40_rp000_erp010,signal_2d_confirm,low10,entry_open_at_or_below_initial_stop,23
score_bo_l40_rp000_erp010__signal_2d_confirm__ma50,Score BO L40 R20>=0.00 ER20>=0.10 / Signal 2D confirm / MA50 trailing,score_bo_l40_rp000_erp010,signal_2d_confirm,ma50,entry_open_at_or_below_initial_stop,3
score_bo_l40_rp000_erp010__signal_3d_confirm__chandelier20_2_5atr,Score BO L40 R20>=0.00 ER20>=0.10 / Signal 3D confirm / Chandelier20 2.5ATR,score_bo_l40_rp000_erp010,signal_3d_confirm,chandelier20_2_5atr,entry_open_at_or_below_initial_stop,50
score_bo_l40_rp000_erp010__signal_3d_confirm__low10,Score BO L40 R20>=0.00 ER20>=0.10 / Signal 3D confirm / Low10 trailing,score_bo_l40_rp000_erp010,signal_3d_confirm,low10,entry_open_at_or_below_initial_stop,8
score_bo_l40_rp000_erp010__signal_3d_confirm__low20,Score BO L40 R20>=0.00 ER20>=0.10 / Signal 3D confirm / Low20 trailing,score_bo_l40_rp000_erp010,signal_3d_confirm,low20,entry_open_at_or_below_initial_stop,1
score_bo_l40_rp000_erp010__signal_3d_confirm__low20_minus_0_5atr,Score BO L40 R20>=0.00 ER20>=0.10 / Signal 3D confirm / Low20 - 0.5ATR trailing,score_bo_l40_rp000_erp010,signal_3d_confirm,low20_minus_0_5atr,entry_open_at_or_below_initial_stop,1
score_bo_l40_rp000_erp010__signal_3d_confirm__ma50,Score BO L40 R20>=0.00 ER20>=0.10 / Signal 3D confirm / MA50 trailing,score_bo_l40_rp000_erp010,signal_3d_confirm,ma50,entry_open_at_or_below_initial_stop,2
score_bo_l40_rp000_erp015__breakout_5d_after_signal__chandelier20_2_5atr,Score BO L40 R20>=0.00 ER20>=0.15 / 5D breakout after signal / Chandelier20 2.5ATR,score_bo_l40_rp000_erp015,breakout_5d_after_signal,chandelier20_2_5atr,entry_open_at_or_below_initial_stop,8
score_bo_l40_rp000_erp015__first_signal__chandelier20_2_5atr,Score BO L40 R20>=0.00 ER20>=0.15 / First signal / Chandelier20 2.5ATR,score_bo_l40_rp000_erp015,first_signal,chandelier20_2_5atr,entry_open_at_or_below_initial_stop,310
score_bo_l40_rp000_erp015__first_signal__low10,Score BO L40 R20>=0.00 ER20>=0.15 / First signal / Low10 trailing,score_bo_l40_rp000_erp015,first_signal,low10,entry_open_at_or_below_initial_stop,27
score_bo_l40_rp000_erp015__first_signal__ma50,Score BO L40 R20>=0.00 ER20>=0.15 / First signal / MA50 trailing,score_bo_l40_rp000_erp015,first_signal,ma50,entry_open_at_or_below_initial_stop,28
score_bo_l40_rp000_erp015__signal_2d_confirm__chandelier20_2_5atr,Score BO L40 R20>=0.00 ER20>=0.15 / Signal 2D confirm / Chandelier20 2.5ATR,score_bo_l40_rp000_erp015,signal_2d_confirm,chandelier20_2_5atr,entry_open_at_or_below_initial_stop,112
score_bo_l40_rp000_erp015__signal_2d_confirm__low10,Score BO L40 R20>=0.00 ER20>=0.15 / Signal 2D confirm / Low10 trailing,score_bo_l40_rp000_erp015,signal_2d_confirm,low10,entry_open_at_or_below_initial_stop,17
score_bo_l40_rp000_erp015__signal_2d_confirm__ma50,Score BO L40 R20>=0.00 ER20>=0.15 / Signal 2D confirm / MA50 trailing,score_bo_l40_rp000_erp015,signal_2d_confirm,ma50,entry_open_at_or_below_initial_stop,1
score_bo_l40_rp000_erp015__signal_3d_confirm__chandelier20_2_5atr,Score BO L40 R20>=0.00 ER20>=0.15 / Signal 3D confirm / Chandelier20 2.5ATR,score_bo_l40_rp000_erp015,signal_3d_confirm,chandelier20_2_5atr,entry_open_at_or_below_initial_stop,31
score_bo_l40_rp000_erp015__signal_3d_confirm__low10,Score BO L40 R20>=0.00 ER20>=0.15 / Signal 3D confirm / Low10 trailing,score_bo_l40_rp000_erp015,signal_3d_confirm,low10,entry_open_at_or_below_initial_stop,5
score_bo_l40_rp000_erp015__signal_3d_confirm__low20,Score BO L40 R20>=0.00 ER20>=0.15 / Signal 3D confirm / Low20 trailing,score_bo_l40_rp000_erp015,signal_3d_confirm,low20,entry_open_at_or_below_initial_stop,1
score_bo_l40_rp000_erp015__signal_3d_confirm__low20_minus_0_5atr,Score BO L40 R20>=0.00 ER20>=0.15 / Signal 3D confirm / Low20 - 0.5ATR trailing,score_bo_l40_rp000_erp015,signal_3d_confirm,low20_minus_0_5atr,entry_open_at_or_below_initial_stop,1
score_bo_l40_rp000_erp015__signal_3d_confirm__ma50,Score BO L40 R20>=0.00 ER20>=0.15 / Signal 3D confirm / MA50 trailing,score_bo_l40_rp000_erp015,signal_3d_confirm,ma50,entry_open_at_or_below_initial_stop,1
score_bo_l40_rp002_erp005__breakout_5d_after_signal__chandelier20_2_5atr,Score BO L40 R20>=0.02 ER20>=0.05 / 5D breakout after signal / Chandelier20 2.5ATR,score_bo_l40_rp002_erp005,breakout_5d_after_signal,chandelier20_2_5atr,entry_open_at_or_below_initial_stop,4
score_bo_l40_rp002_erp005__first_signal__chandelier20_2_5atr,Score BO L40 R20>=0.02 ER20>=0.05 / First signal / Chandelier20 2.5ATR,score_bo_l40_rp002_erp005,first_signal,chandelier20_2_5atr,entry_open_at_or_below_initial_stop,287
score_bo_l40_rp002_erp005__first_signal__low10,Score BO L40 R20>=0.02 ER20>=0.05 / First signal / Low10 trailing,score_bo_l40_rp002_erp005,first_signal,low10,entry_open_at_or_below_initial_stop,20
score_bo_l40_rp002_erp005__first_signal__ma50,Score BO L40 R20>=0.02 ER20>=0.05 / First signal / MA50 trailing,score_bo_l40_rp002_erp005,first_signal,ma50,entry_open_at_or_below_initial_stop,26
score_bo_l40_rp002_erp005__signal_2d_confirm__chandelier20_2_5atr,Score BO L40 R20>=0.02 ER20>=0.05 / Signal 2D confirm / Chandelier20 2.5ATR,score_bo_l40_rp002_erp005,signal_2d_confirm,chandelier20_2_5atr,entry_open_at_or_below_initial_stop,98
score_bo_l40_rp002_erp005__signal_2d_confirm__low10,Score BO L40 R20>=0.02 ER20>=0.05 / Signal 2D confirm / Low10 trailing,score_bo_l40_rp002_erp005,signal_2d_confirm,low10,entry_open_at_or_below_initial_stop,16
score_bo_l40_rp002_erp005__signal_2d_confirm__ma50,Score BO L40 R20>=0.02 ER20>=0.05 / Signal 2D confirm / MA50 trailing,score_bo_l40_rp002_erp005,signal_2d_confirm,ma50,entry_open_at_or_below_initial_stop,3
score_bo_l40_rp002_erp005__signal_3d_confirm__chandelier20_2_5atr,Score BO L40 R20>=0.02 ER20>=0.05 / Signal 3D confirm / Chandelier20 2.5ATR,score_bo_l40_rp002_erp005,signal_3d_confirm,chandelier20_2_5atr,entry_open_at_or_below_initial_stop,35
score_bo_l40_rp002_erp005__signal_3d_confirm__low10,Score BO L40 R20>=0.02 ER20>=0.05 / Signal 3D confirm / Low10 trailing,score_bo_l40_rp002_erp005,signal_3d_confirm,low10,entry_open_at_or_below_initial_stop,3
score_bo_l40_rp002_erp010__breakout_5d_after_signal__chandelier20_2_5atr,Score BO L40 R20>=0.02 ER20>=0.10 / 5D breakout after signal / Chandelier20 2.5ATR,score_bo_l40_rp002_erp010,breakout_5d_after_signal,chandelier20_2_5atr,entry_open_at_or_below_initial_stop,3
score_bo_l40_rp002_erp010__first_signal__chandelier20_2_5atr,Score BO L40 R20>=0.02 ER20>=0.10 / First signal / Chandelier20 2.5ATR,score_bo_l40_rp002_erp010,first_signal,chandelier20_2_5atr,entry_open_at_or_below_initial_stop,282
score_bo_l40_rp002_erp010__first_signal__low10,Score BO L40 R20>=0.02 ER20>=0.10 / First signal / Low10 trailing,score_bo_l40_rp002_erp010,first_signal,low10,entry_open_at_or_below_initial_stop,20
score_bo_l40_rp002_erp010__first_signal__ma50,Score BO L40 R20>=0.02 ER20>=0.10 / First signal / MA50 trailing,score_bo_l40_rp002_erp010,first_signal,ma50,entry_open_at_or_below_initial_stop,23
score_bo_l40_rp002_erp010__signal_2d_confirm__chandelier20_2_5atr,Score BO L40 R20>=0.02 ER20>=0.10 / Signal 2D confirm / Chandelier20 2.5ATR,score_bo_l40_rp002_erp010,signal_2d_confirm,chandelier20_2_5atr,entry_open_at_or_below_initial_stop,93
score_bo_l40_rp002_erp010__signal_2d_confirm__low10,Score BO L40 R20>=0.02 ER20>=0.10 / Signal 2D confirm / Low10 trailing,score_bo_l40_rp002_erp010,signal_2d_confirm,low10,entry_open_at_or_below_initial_stop,16
score_bo_l40_rp002_erp010__signal_2d_confirm__ma50,Score BO L40 R20>=0.02 ER20>=0.10 / Signal 2D confirm / MA50 trailing,score_bo_l40_rp002_erp010,signal_2d_confirm,ma50,entry_open_at_or_below_initial_stop,3
score_bo_l40_rp002_erp010__signal_3d_confirm__chandelier20_2_5atr,Score BO L40 R20>=0.02 ER20>=0.10 / Signal 3D confirm / Chandelier20 2.5ATR,score_bo_l40_rp002_erp010,signal_3d_confirm,chandelier20_2_5atr,entry_open_at_or_below_initial_stop,33
score_bo_l40_rp002_erp010__signal_3d_confirm__low10,Score BO L40 R20>=0.02 ER20>=0.10 / Signal 3D confirm / Low10 trailing,score_bo_l40_rp002_erp010,signal_3d_confirm,low10,entry_open_at_or_below_initial_stop,3
score_bo_l40_rp002_erp015__breakout_5d_after_signal__chandelier20_2_5atr,Score BO L40 R20>=0.02 ER20>=0.15 / 5D breakout after signal / Chandelier20 2.5ATR,score_bo_l40_rp002_erp015,breakout_5d_after_signal,chandelier20_2_5atr,entry_open_at_or_below_initial_stop,2
score_bo_l40_rp002_erp015__first_signal__chandelier20_2_5atr,Score BO L40 R20>=0.02 ER20>=0.15 / First signal / Chandelier20 2.5ATR,score_bo_l40_rp002_erp015,first_signal,chandelier20_2_5atr,entry_open_at_or_below_initial_stop,249
score_bo_l40_rp002_erp015__first_signal__low10,Score BO L40 R20>=0.02 ER20>=0.15 / First signal / Low10 trailing,score_bo_l40_rp002_erp015,first_signal,low10,entry_open_at_or_below_initial_stop,19
score_bo_l40_rp002_erp015__first_signal__ma50,Score BO L40 R20>=0.02 ER20>=0.15 / First signal / MA50 trailing,score_bo_l40_rp002_erp015,first_signal,ma50,entry_open_at_or_below_initial_stop,22
score_bo_l40_rp002_erp015__signal_2d_confirm__chandelier20_2_5atr,Score BO L40 R20>=0.02 ER20>=0.15 / Signal 2D confirm / Chandelier20 2.5ATR,score_bo_l40_rp002_erp015,signal_2d_confirm,chandelier20_2_5atr,entry_open_at_or_below_initial_stop,80
score_bo_l40_rp002_erp015__signal_2d_confirm__low10,Score BO L40 R20>=0.02 ER20>=0.15 / Signal 2D confirm / Low10 trailing,score_bo_l40_rp002_erp015,signal_2d_confirm,low10,entry_open_at_or_below_initial_stop,15
score_bo_l40_rp002_erp015__signal_3d_confirm__chandelier20_2_5atr,Score BO L40 R20>=0.02 ER20>=0.15 / Signal 3D confirm / Chandelier20 2.5ATR,score_bo_l40_rp002_erp015,signal_3d_confirm,chandelier20_2_5atr,entry_open_at_or_below_initial_stop,20
score_bo_l40_rp002_erp015__signal_3d_confirm__low10,Score BO L40 R20>=0.02 ER20>=0.15 / Signal 3D confirm / Low10 trailing,score_bo_l40_rp002_erp015,signal_3d_confirm,low10,entry_open_at_or_below_initial_stop,2
